Sample Label,Zircon number,Stratigraphic position,Stratigraphic level,Method,Age,Error 2s
SEL-02,A1_SEL02_61,503.0,StL 7_Bed set below Cerbatana Conglomerate,Zr-U-Pb,12.7,0.4
SEL-02,A1_SEL02_57,503.0,StL 7_Bed set below Cerbatana Conglomerate,Zr-U-Pb,12.9,0.4
SEL-02,A1_SEL02_46,503.0,StL 7_Bed set below Cerbatana Conglomerate,Zr-U-Pb,13.1,0.5
SEL-02,A1_SEL02_6,503.0,StL 7_Bed set below Cerbatana Conglomerate,Zr-U-Pb,13.2,0.4
SEL-02,A1_SEL02_5,503.0,StL 7_Bed set below Cerbatana Conglomerate,Zr-U-Pb,13.2,0.5
SEL-02,A1_SEL02_38,503.0,StL 7_Bed set below Cerbatana Conglomerate,Zr-U-Pb,13.3,0.4
SEL-02,A1_SEL02_31,503.0,StL 7_Bed set below Cerbatana Conglomerate,Zr-U-Pb,13.3,0.4
SEL-02,A1_SEL02_7,503.0,StL 7_Bed set below Cerbatana Conglomerate,Zr-U-Pb,13.4,0.5
SEL-02,A1_SEL02_40,503.0,StL 7_Bed set below Cerbatana Conglomerate,Zr-U-Pb,13.4,0.5
SEL-02,A1_SEL02_14,503.0,StL 7_Bed set below Cerbatana Conglomerate,Zr-U-Pb,13.4,0.5
SEL-02,A1_SEL02_11,503.0,StL 7_Bed set below Cerbatana Conglomerate,Zr-U-Pb,13.4,0.4
SEL-02,A1_SEL02_26,503.0,StL 7_Bed set below Cerbatana Conglomerate,Zr-U-Pb,13.4,0.4
SEL-02,A1_SEL02_17,503.0,StL 7_Bed set below Cerbatana Conglomerate,Zr-U-Pb,13.4,0.5
SEL-02,A1_SEL02_48,503.0,StL 7_Bed set below Cerbatana Conglomerate,Zr-U-Pb,13.5,0.5
SEL-02,A1_SEL02_15,503.0,StL 7_Bed set below Cerbatana Conglomerate,Zr-U-Pb,13.5,0.5
SEL-02,A1_SEL02_62,503.0,StL 7_Bed set below Cerbatana Conglomerate,Zr-U-Pb,13.5,0.5
SEL-02,A1_SEL02_1,503.0,StL 7_Bed set below Cerbatana Conglomerate,Zr-U-Pb,13.5,0.5
SEL-02,A1_SEL02_18,503.0,StL 7_Bed set below Cerbatana Conglomerate,Zr-U-Pb,13.6,0.4
SEL-02,A1_SEL02_56,503.0,StL 7_Bed set below Cerbatana Conglomerate,Zr-U-Pb,13.6,0.4
SEL-02,A1_SEL02_12,503.0,StL 7_Bed set below Cerbatana Conglomerate,Zr-U-Pb,13.6,0.4
SEL-02,A1_SEL02_27,503.0,StL 7_Bed set below Cerbatana Conglomerate,Zr-U-Pb,13.6,0.4
SEL-02,A1_SEL02_24,503.0,StL 7_Bed set below Cerbatana Conglomerate,Zr-U-Pb,13.7,0.5
SEL-02,A1_SEL02_53,503.0,StL 7_Bed set below Cerbatana Conglomerate,Zr-U-Pb,14.3,0.5
SEL-02,A1_SEL02_20,503.0,StL 7_Bed set below Cerbatana Conglomerate,Zr-U-Pb,15.2,0.8
SEL-02,A1_SEL02_28,503.0,StL 7_Bed set below Cerbatana Conglomerate,Zr-U-Pb,20.1,0.9
SEL-02,A1_SEL02_19,503.0,StL 7_Bed set below Cerbatana Conglomerate,Zr-U-Pb,22.6,0.7
SEL-02,A1_SEL02_22,503.0,StL 7_Bed set below Cerbatana Conglomerate,Zr-U-Pb,35.0,1.1
SEL-02,A1_SEL02_33,503.0,StL 7_Bed set below Cerbatana Conglomerate,Zr-U-Pb,36.1,1.2
SEL-02,A1_SEL02_2,503.0,StL 7_Bed set below Cerbatana Conglomerate,Zr-U-Pb,37.2,1.1
SEL-02,A1_SEL02_49,503.0,StL 7_Bed set below Cerbatana Conglomerate,Zr-U-Pb,38.6,1.2
SEL-02,A1_SEL02_55,503.0,StL 7_Bed set below Cerbatana Conglomerate,Zr-U-Pb,39.6,1.1
SEL-02,A1_SEL02_58,503.0,StL 7_Bed set below Cerbatana Conglomerate,Zr-U-Pb,42.1,1.3
SEL-02,A1_SEL02_52,503.0,StL 7_Bed set below Cerbatana Conglomerate,Zr-U-Pb,45.8,1.5
SEL-02,A1_SEL02_36,503.0,StL 7_Bed set below Cerbatana Conglomerate,Zr-U-Pb,46.0,1.4
SEL-02,A1_SEL02_32,503.0,StL 7_Bed set below Cerbatana Conglomerate,Zr-U-Pb,50.5,1.5
SEL-02,A1_SEL02_9,503.0,StL 7_Bed set below Cerbatana Conglomerate,Zr-U-Pb,86.8,2.5
SEL-02,A1_SEL02_39,503.0,StL 7_Bed set below Cerbatana Conglomerate,Zr-U-Pb,193.2,5.8
SEL-02,A1_SEL02_42,503.0,StL 7_Bed set below Cerbatana Conglomerate,Zr-U-Pb,229.2,6.5
SEL-02,A1_SEL02_35,503.0,StL 7_Bed set below Cerbatana Conglomerate,Zr-U-Pb,229.3,6.0
SEL-02,A1_SEL02_51,503.0,StL 7_Bed set below Cerbatana Conglomerate,Zr-U-Pb,229.5,5.9
SEL-02,A1_SEL02_30,503.0,StL 7_Bed set below Cerbatana Conglomerate,Zr-U-Pb,230.0,6.9
SEL-02,A1_SEL02_41,503.0,StL 7_Bed set below Cerbatana Conglomerate,Zr-U-Pb,231.1,6.4
SEL-02,A1_SEL02_29,503.0,StL 7_Bed set below Cerbatana Conglomerate,Zr-U-Pb,235.1,7.2
SEL-02,A1_SEL02_44,503.0,StL 7_Bed set below Cerbatana Conglomerate,Zr-U-Pb,235.8,7.2
SEL-02,A1_SEL02_47,503.0,StL 7_Bed set below Cerbatana Conglomerate,Zr-U-Pb,237.9,7.3
SEL-02,A1_SEL02_25,503.0,StL 7_Bed set below Cerbatana Conglomerate,Zr-U-Pb,240.5,7.2
SEL-02,A1_SEL02_10,503.0,StL 7_Bed set below Cerbatana Conglomerate,Zr-U-Pb,545.2,15.0
SEL-02,A1_SEL02_50,503.0,StL 7_Bed set below Cerbatana Conglomerate,Zr-U-Pb,895.0,24.0
SEL-02,A1_SEL02_34,503.0,StL 7_Bed set below Cerbatana Conglomerate,Zr-U-Pb,1020.0,23.0
SEL-02,A1_SEL02_4,503.0,StL 7_Bed set below Cerbatana Conglomerate,Zr-U-Pb,1550.2,13.0
SEL-02,A1_SEL02_45,503.0,StL 7_Bed set below Cerbatana Conglomerate,Zr-U-Pb,1565.0,16.0
SEL-02,A1_SEL02_21,503.0,StL 7_Bed set below Cerbatana Conglomerate,Zr-U-Pb,1710.0,17.0
SEL-02,A1_SEL02_59,503.0,StL 7_Bed set below Cerbatana Conglomerate,Zr-U-Pb,1901.0,14.0
SEL-02,A1_SEL02_60,503.0,StL 7_Bed set below Cerbatana Conglomerate,Zr-U-Pb,2656.0,19.0
UR-01,UR-eAC1-52,154.0,StL 1_Bed set below Cerro Gordo,Zr-U-Pb,13.4,0.4
UR-01,UR-eAC1-53,154.0,StL 1_Bed set below Cerro Gordo,Zr-U-Pb,13.5,0.4
UR-01,UR-eAC1-73,154.0,StL 1_Bed set below Cerro Gordo,Zr-U-Pb,13.5,0.4
UR-01,UR-eAC1-58,154.0,StL 1_Bed set below Cerro Gordo,Zr-U-Pb,13.6,0.4
UR-01,UR-eAC1-49,154.0,StL 1_Bed set below Cerro Gordo,Zr-U-Pb,13.6,0.4
UR-01,UR-eAC1-34,154.0,StL 1_Bed set below Cerro Gordo,Zr-U-Pb,13.7,0.4
UR-01,UR-eAC1-30,154.0,StL 1_Bed set below Cerro Gordo,Zr-U-Pb,13.7,0.4
UR-01,UR-eAC1-25,154.0,StL 1_Bed set below Cerro Gordo,Zr-U-Pb,13.8,0.4
UR-01,UR-eAC1-62,154.0,StL 1_Bed set below Cerro Gordo,Zr-U-Pb,13.9,0.4
UR-01,UR-eAC1-66,154.0,StL 1_Bed set below Cerro Gordo,Zr-U-Pb,14.1,0.5
UR-01,UR-eAC1-79,154.0,StL 1_Bed set below Cerro Gordo,Zr-U-Pb,14.2,0.4
UR-01,UR-eAC1-8,154.0,StL 1_Bed set below Cerro Gordo,Zr-U-Pb,18.6,0.6
UR-01,UR-eAC1-64,154.0,StL 1_Bed set below Cerro Gordo,Zr-U-Pb,22.1,0.7
UR-01,UR-eAC1-65,154.0,StL 1_Bed set below Cerro Gordo,Zr-U-Pb,24.0,0.7
UR-01,UR-eAC1-13,154.0,StL 1_Bed set below Cerro Gordo,Zr-U-Pb,24.2,0.7
UR-01,UR-eAC1-102,154.0,StL 1_Bed set below Cerro Gordo,Zr-U-Pb,24.5,0.7
UR-01,UR-eAC1-19,154.0,StL 1_Bed set below Cerro Gordo,Zr-U-Pb,24.6,0.7
UR-01,UR-eAC1-119,154.0,StL 1_Bed set below Cerro Gordo,Zr-U-Pb,25.5,0.7
UR-01,UR-eAC1-32,154.0,StL 1_Bed set below Cerro Gordo,Zr-U-Pb,32.1,0.9
UR-01,UR-eAC1-33,154.0,StL 1_Bed set below Cerro Gordo,Zr-U-Pb,32.7,0.9
UR-01,UR-eAC1-82,154.0,StL 1_Bed set below Cerro Gordo,Zr-U-Pb,33.1,0.9
UR-01,UR-eAC1-11,154.0,StL 1_Bed set below Cerro Gordo,Zr-U-Pb,33.2,0.9
UR-01,UR-eAC1-91,154.0,StL 1_Bed set below Cerro Gordo,Zr-U-Pb,34.3,0.9
UR-01,UR-eAC1-120,154.0,StL 1_Bed set below Cerro Gordo,Zr-U-Pb,34.5,1.0
UR-01,UR-eAC1-1,154.0,StL 1_Bed set below Cerro Gordo,Zr-U-Pb,35.3,1.0
UR-01,UR-eAC1-112,154.0,StL 1_Bed set below Cerro Gordo,Zr-U-Pb,36.2,1.0
UR-01,UR-eAC1-110,154.0,StL 1_Bed set below Cerro Gordo,Zr-U-Pb,39.2,1.5
UR-01,UR-eAC1-86,154.0,StL 1_Bed set below Cerro Gordo,Zr-U-Pb,39.7,1.1
UR-01,UR-eAC1-44,154.0,StL 1_Bed set below Cerro Gordo,Zr-U-Pb,39.8,1.1
UR-01,UR-eAC1-70,154.0,StL 1_Bed set below Cerro Gordo,Zr-U-Pb,40.0,1.1
UR-01,UR-eAC1-17,154.0,StL 1_Bed set below Cerro Gordo,Zr-U-Pb,40.4,1.1
UR-01,UR-eAC1-107,154.0,StL 1_Bed set below Cerro Gordo,Zr-U-Pb,40.5,1.2
UR-01,UR-eAC1-45,154.0,StL 1_Bed set below Cerro Gordo,Zr-U-Pb,41.0,1.1
UR-01,UR-eAC1-63,154.0,StL 1_Bed set below Cerro Gordo,Zr-U-Pb,41.6,1.1
UR-01,UR-eAC1-15,154.0,StL 1_Bed set below Cerro Gordo,Zr-U-Pb,43.3,1.1
UR-01,UR-eAC1-83,154.0,StL 1_Bed set below Cerro Gordo,Zr-U-Pb,43.3,1.2
UR-01,UR-eAC1-4,154.0,StL 1_Bed set below Cerro Gordo,Zr-U-Pb,43.5,1.2
UR-01,UR-eAC1-67,154.0,StL 1_Bed set below Cerro Gordo,Zr-U-Pb,45.8,2.1
UR-01,UR-eAC1-51,154.0,StL 1_Bed set below Cerro Gordo,Zr-U-Pb,46.5,1.3
UR-01,UR-eAC1-93,154.0,StL 1_Bed set below Cerro Gordo,Zr-U-Pb,49.0,1.3
UR-01,UR-eAC1-38,154.0,StL 1_Bed set below Cerro Gordo,Zr-U-Pb,67.2,1.8
UR-01,UR-eAC1-56,154.0,StL 1_Bed set below Cerro Gordo,Zr-U-Pb,73.9,2.3
UR-01,UR-eAC1-39,154.0,StL 1_Bed set below Cerro Gordo,Zr-U-Pb,74.2,2.0
UR-01,UR-eAC1-113,154.0,StL 1_Bed set below Cerro Gordo,Zr-U-Pb,75.6,2.4
UR-01,UR-eAC1-2,154.0,StL 1_Bed set below Cerro Gordo,Zr-U-Pb,79.1,2.1
UR-01,UR-eAC1-76,154.0,StL 1_Bed set below Cerro Gordo,Zr-U-Pb,79.1,2.1
UR-01,UR-eAC1-77,154.0,StL 1_Bed set below Cerro Gordo,Zr-U-Pb,79.3,2.1
UR-01,UR-eAC1-109,154.0,StL 1_Bed set below Cerro Gordo,Zr-U-Pb,95.8,3.2
UR-01,UR-eAC1-92,154.0,StL 1_Bed set below Cerro Gordo,Zr-U-Pb,96.4,2.8
UR-01,UR-eAC1-74,154.0,StL 1_Bed set below Cerro Gordo,Zr-U-Pb,117.6,3.5
UR-01,UR-eAC1-6,154.0,StL 1_Bed set below Cerro Gordo,Zr-U-Pb,121.5,3.2
UR-01,UR-eAC1-14,154.0,StL 1_Bed set below Cerro Gordo,Zr-U-Pb,122.9,3.4
UR-01,UR-eAC1-114,154.0,StL 1_Bed set below Cerro Gordo,Zr-U-Pb,146.7,3.9
UR-01,UR-eAC1-117,154.0,StL 1_Bed set below Cerro Gordo,Zr-U-Pb,157.7,4.2
UR-01,UR-eAC1-108,154.0,StL 1_Bed set below Cerro Gordo,Zr-U-Pb,159.2,4.9
UR-01,UR-eAC1-111,154.0,StL 1_Bed set below Cerro Gordo,Zr-U-Pb,164.8,4.4
UR-01,UR-eAC1-99,154.0,StL 1_Bed set below Cerro Gordo,Zr-U-Pb,178.8,4.7
UR-01,UR-eAC1-20,154.0,StL 1_Bed set below Cerro Gordo,Zr-U-Pb,181.3,4.8
UR-01,UR-eAC1-29,154.0,StL 1_Bed set below Cerro Gordo,Zr-U-Pb,182.5,4.8
UR-01,UR-eAC1-36,154.0,StL 1_Bed set below Cerro Gordo,Zr-U-Pb,183.0,4.9
UR-01,UR-eAC1-31,154.0,StL 1_Bed set below Cerro Gordo,Zr-U-Pb,185.6,4.9
UR-01,UR-eAC1-61,154.0,StL 1_Bed set below Cerro Gordo,Zr-U-Pb,185.8,5.1
UR-01,UR-eAC1-10,154.0,StL 1_Bed set below Cerro Gordo,Zr-U-Pb,186.2,5.0
UR-01,UR-eAC1-22,154.0,StL 1_Bed set below Cerro Gordo,Zr-U-Pb,186.3,4.9
UR-01,UR-eAC1-68,154.0,StL 1_Bed set below Cerro Gordo,Zr-U-Pb,186.3,5.0
UR-01,UR-eAC1-41,154.0,StL 1_Bed set below Cerro Gordo,Zr-U-Pb,186.4,5.1
UR-01,UR-eAC1-40,154.0,StL 1_Bed set below Cerro Gordo,Zr-U-Pb,186.7,5.0
UR-01,UR-eAC1-60,154.0,StL 1_Bed set below Cerro Gordo,Zr-U-Pb,187.5,5.6
UR-01,UR-eAC1-28,154.0,StL 1_Bed set below Cerro Gordo,Zr-U-Pb,188.1,5.0
UR-01,UR-eAC1-37,154.0,StL 1_Bed set below Cerro Gordo,Zr-U-Pb,188.9,5.0
UR-01,UR-eAC1-69,154.0,StL 1_Bed set below Cerro Gordo,Zr-U-Pb,193.1,5.1
UR-01,UR-eAC1-118,154.0,StL 1_Bed set below Cerro Gordo,Zr-U-Pb,194.7,5.4
UR-01,UR-eAC1-81,154.0,StL 1_Bed set below Cerro Gordo,Zr-U-Pb,198.9,5.2
UR-01,UR-eAC1-80,154.0,StL 1_Bed set below Cerro Gordo,Zr-U-Pb,224.2,6.0
UR-01,UR-eAC1-87,154.0,StL 1_Bed set below Cerro Gordo,Zr-U-Pb,224.4,5.9
UR-01,UR-eAC1-116,154.0,StL 1_Bed set below Cerro Gordo,Zr-U-Pb,227.6,6.0
UR-01,UR-eAC1-95,154.0,StL 1_Bed set below Cerro Gordo,Zr-U-Pb,229.3,6.0
UR-01,UR-eAC1-89,154.0,StL 1_Bed set below Cerro Gordo,Zr-U-Pb,229.9,6.1
UR-01,UR-eAC1-26,154.0,StL 1_Bed set below Cerro Gordo,Zr-U-Pb,234.5,6.2
UR-01,UR-eAC1-27,154.0,StL 1_Bed set below Cerro Gordo,Zr-U-Pb,234.5,6.1
UR-01,UR-eAC1-115,154.0,StL 1_Bed set below Cerro Gordo,Zr-U-Pb,234.9,6.1
UR-01,UR-eAC1-84,154.0,StL 1_Bed set below Cerro Gordo,Zr-U-Pb,261.5,7.1
UR-01,UR-eAC1-85,154.0,StL 1_Bed set below Cerro Gordo,Zr-U-Pb,266.3,7.2
UR-01,UR-eAC1-21,154.0,StL 1_Bed set below Cerro Gordo,Zr-U-Pb,272.9,7.2
UR-01,UR-eAC1-12,154.0,StL 1_Bed set below Cerro Gordo,Zr-U-Pb,274.1,7.2
UR-01,UR-eAC1-7,154.0,StL 1_Bed set below Cerro Gordo,Zr-U-Pb,279.4,7.3
UR-01,UR-eAC1-24,154.0,StL 1_Bed set below Cerro Gordo,Zr-U-Pb,281.0,7.4
UR-01,UR-eAC1-47,154.0,StL 1_Bed set below Cerro Gordo,Zr-U-Pb,282.0,7.5
UR-01,UR-eAC1-123,154.0,StL 1_Bed set below Cerro Gordo,Zr-U-Pb,296.4,8.0
UR-01,UR-eAC1-96,154.0,StL 1_Bed set below Cerro Gordo,Zr-U-Pb,316.0,8.3
UR-01,UR-eAC1-105,154.0,StL 1_Bed set below Cerro Gordo,Zr-U-Pb,357.4,10.7
UR-01,UR-eAC1-106,154.0,StL 1_Bed set below Cerro Gordo,Zr-U-Pb,377.0,11.7
UR-01,UR-eAC1-50,154.0,StL 1_Bed set below Cerro Gordo,Zr-U-Pb,524.2,15.1
UR-01,UR-eAC1-101,154.0,StL 1_Bed set below Cerro Gordo,Zr-U-Pb,535.0,14.7
UR-01,UR-eAC1-48,154.0,StL 1_Bed set below Cerro Gordo,Zr-U-Pb,540.7,14.3
UR-01,UR-eAC1-16,154.0,StL 1_Bed set below Cerro Gordo,Zr-U-Pb,542.1,14.3
UR-01,UR-eAC1-88,154.0,StL 1_Bed set below Cerro Gordo,Zr-U-Pb,542.2,14.3
UR-01,UR-eAC1-78,154.0,StL 1_Bed set below Cerro Gordo,Zr-U-Pb,563.6,15.0
UR-01,UR-eAC1-97,154.0,StL 1_Bed set below Cerro Gordo,Zr-U-Pb,565.8,14.8
UR-01,UR-eAC1-98,154.0,StL 1_Bed set below Cerro Gordo,Zr-U-Pb,595.9,15.9
UR-01,UR-eAC1-3,154.0,StL 1_Bed set below Cerro Gordo,Zr-U-Pb,628.7,16.7
UR-01,UR-eAC1-23,154.0,StL 1_Bed set below Cerro Gordo,Zr-U-Pb,639.9,16.7
UR-01,UR-eAC1-103,154.0,StL 1_Bed set below Cerro Gordo,Zr-U-Pb,695.2,18.6
UR-01,UR-eAC1-121,154.0,StL 1_Bed set below Cerro Gordo,Zr-U-Pb,950.9,22.6
UR-01,UR-eAC1-122,154.0,StL 1_Bed set below Cerro Gordo,Zr-U-Pb,911.8,22.9
UR-01,UR-eAC1-35,154.0,StL 1_Bed set below Cerro Gordo,Zr-U-Pb,989.0,24.0
UR-01,UR-eAC1-54,154.0,StL 1_Bed set below Cerro Gordo,Zr-U-Pb,988.0,24.6
UR-01,UR-eAC1-75,154.0,StL 1_Bed set below Cerro Gordo,Zr-U-Pb,1001.0,26.7
UR-01,UR-eAC1-104,154.0,StL 1_Bed set below Cerro Gordo,Zr-U-Pb,1008.0,39.0
UR-01,UR-eAC1-5,154.0,StL 1_Bed set below Cerro Gordo,Zr-U-Pb,1013.0,23.0
UR-01,UR-eAC1-9,154.0,StL 1_Bed set below Cerro Gordo,Zr-U-Pb,1014.1,22.2
UR-01,UR-eAC1-43,154.0,StL 1_Bed set below Cerro Gordo,Zr-U-Pb,1081.3,22.3
UR-01,UR-eAC1-94,154.0,StL 1_Bed set below Cerro Gordo,Zr-U-Pb,1089.0,23.3
UR-01,UR-eAC1-72,154.0,StL 1_Bed set below Cerro Gordo,Zr-U-Pb,1184.3,21.1
UR-01,UR-eAC1-57,154.0,StL 1_Bed set below Cerro Gordo,Zr-U-Pb,1554.9,19.6
UR-01,UR-eAC1-55,154.0,StL 1_Bed set below Cerro Gordo,Zr-U-Pb,1570.6,19.3
UR-01,UR-eAC1-59,154.0,StL 1_Bed set below Cerro Gordo,Zr-U-Pb,1668.0,22.3
UR-01,UR-eAC1-46,154.0,StL 1_Bed set below Cerro Gordo,Zr-U-Pb,2094.5,18.3
UR-01,UR-eAC1-90,154.0,StL 1_Bed set below Cerro Gordo,Zr-U-Pb,2193.4,17.8
UR-02,UR-eAC2-45,156.6,StL 1_Bed set below Cerro Gordo,Zr-U-Pb,13.3,0.4
UR-02,UR-eAC2-44,156.6,StL 1_Bed set below Cerro Gordo,Zr-U-Pb,13.3,0.4
UR-02,UR-eAC2-43,156.6,StL 1_Bed set below Cerro Gordo,Zr-U-Pb,13.3,0.4
UR-02,UR-eAC2-21,156.6,StL 1_Bed set below Cerro Gordo,Zr-U-Pb,13.6,0.4
UR-02,UR-eAC2-7,156.6,StL 1_Bed set below Cerro Gordo,Zr-U-Pb,13.7,0.4
UR-02,UR-eAC2-35,156.6,StL 1_Bed set below Cerro Gordo,Zr-U-Pb,13.7,0.4
UR-02,UR-eAC2-3,156.6,StL 1_Bed set below Cerro Gordo,Zr-U-Pb,13.7,0.4
UR-02,UR-eAC2-4,156.6,StL 1_Bed set below Cerro Gordo,Zr-U-Pb,13.8,0.4
UR-02,UR-eAC2-24,156.6,StL 1_Bed set below Cerro Gordo,Zr-U-Pb,13.8,0.4
UR-02,UR-eAC2-5,156.6,StL 1_Bed set below Cerro Gordo,Zr-U-Pb,13.9,0.4
UR-02,UR-eAC2-9,156.6,StL 1_Bed set below Cerro Gordo,Zr-U-Pb,15.0,0.6
UR-02,UR-eAC2-2,156.6,StL 1_Bed set below Cerro Gordo,Zr-U-Pb,15.4,0.5
UR-02,UR-eAC2-30,156.6,StL 1_Bed set below Cerro Gordo,Zr-U-Pb,17.5,0.6
UR-02,UR-eAC2-39,156.6,StL 1_Bed set below Cerro Gordo,Zr-U-Pb,36.5,1.0
UR-02,UR-eAC2-37,156.6,StL 1_Bed set below Cerro Gordo,Zr-U-Pb,42.0,2.0
UR-02,UR-eAC2-33,156.6,StL 1_Bed set below Cerro Gordo,Zr-U-Pb,42.2,1.2
UR-02,UR-eAC2-38,156.6,StL 1_Bed set below Cerro Gordo,Zr-U-Pb,42.8,2.1
UR-02,UR-eAC2-1,156.6,StL 1_Bed set below Cerro Gordo,Zr-U-Pb,43.2,1.2
UR-02,UR-eAC2-10,156.6,StL 1_Bed set below Cerro Gordo,Zr-U-Pb,44.4,1.2
UR-02,UR-eAC2-40,156.6,StL 1_Bed set below Cerro Gordo,Zr-U-Pb,45.5,1.3
UR-02,UR-eAC2-34,156.6,StL 1_Bed set below Cerro Gordo,Zr-U-Pb,55.6,2.2
UR-02,UR-eAC2-28,156.6,StL 1_Bed set below Cerro Gordo,Zr-U-Pb,76.5,2.2
UR-02,UR-eAC2-29,156.6,StL 1_Bed set below Cerro Gordo,Zr-U-Pb,77.0,2.3
UR-02,UR-eAC2-32,156.6,StL 1_Bed set below Cerro Gordo,Zr-U-Pb,180.1,4.8
UR-02,UR-eAC2-31,156.6,StL 1_Bed set below Cerro Gordo,Zr-U-Pb,184.4,4.8
UR-02,UR-eAC2-26,156.6,StL 1_Bed set below Cerro Gordo,Zr-U-Pb,185.1,4.9
UR-02,UR-eAC2-36,156.6,StL 1_Bed set below Cerro Gordo,Zr-U-Pb,195.3,5.3
UR-02,UR-eAC2-8,156.6,StL 1_Bed set below Cerro Gordo,Zr-U-Pb,195.9,5.5
UR-02,UR-eAC2-6,156.6,StL 1_Bed set below Cerro Gordo,Zr-U-Pb,232.3,6.3
UR-02,UR-eAC2-12,156.6,StL 1_Bed set below Cerro Gordo,Zr-U-Pb,233.6,6.3
UR-02,UR-eAC2-27,156.6,StL 1_Bed set below Cerro Gordo,Zr-U-Pb,244.4,6.8
UR-02,UR-eAC2-41,156.6,StL 1_Bed set below Cerro Gordo,Zr-U-Pb,244.5,9.3
UR-02,UR-eAC2-46,156.6,StL 1_Bed set below Cerro Gordo,Zr-U-Pb,279.1,7.3
UR-02,UR-eAC2-13,156.6,StL 1_Bed set below Cerro Gordo,Zr-U-Pb,526.4,13.8
UR-02,UR-eAC2-42,156.6,StL 1_Bed set below Cerro Gordo,Zr-U-Pb,554.0,14.3
UR-02,UR-eAC2-25,156.6,StL 1_Bed set below Cerro Gordo,Zr-U-Pb,633.1,16.5
UR-02,UR-eAC2-16,156.6,StL 1_Bed set below Cerro Gordo,Zr-U-Pb,1000.7,22.2
UR-02,UR-eAC2-15,156.6,StL 1_Bed set below Cerro Gordo,Zr-U-Pb,1019.3,21.0
UR-02,UR-eAC2-23,156.6,StL 1_Bed set below Cerro Gordo,Zr-U-Pb,1516.8,20.0
44011,45,218.8,StL 3_Bed set between Cerro Gordo and Chunchullo,Zr-U-Pb,13.8,0.6
44011,29,218.8,StL 3_Bed set between Cerro Gordo and Chunchullo,Zr-U-Pb,13.9,0.4
44011,56,218.8,StL 3_Bed set between Cerro Gordo and Chunchullo,Zr-U-Pb,14.0,0.5
44011,67,218.8,StL 3_Bed set between Cerro Gordo and Chunchullo,Zr-U-Pb,14.2,0.6
44011,16,218.8,StL 3_Bed set between Cerro Gordo and Chunchullo,Zr-U-Pb,14.4,0.6
44011,24,218.8,StL 3_Bed set between Cerro Gordo and Chunchullo,Zr-U-Pb,16.7,1.4
44011,91,218.8,StL 3_Bed set between Cerro Gordo and Chunchullo,Zr-U-Pb,16.7,1.1
44011,39,218.8,StL 3_Bed set between Cerro Gordo and Chunchullo,Zr-U-Pb,17.0,0.7
44011,20,218.8,StL 3_Bed set between Cerro Gordo and Chunchullo,Zr-U-Pb,17.2,1.9
44011,43,218.8,StL 3_Bed set between Cerro Gordo and Chunchullo,Zr-U-Pb,18.9,1.0
44011,38,218.8,StL 3_Bed set between Cerro Gordo and Chunchullo,Zr-U-Pb,20.4,1.7
44011,84,218.8,StL 3_Bed set between Cerro Gordo and Chunchullo,Zr-U-Pb,20.4,2.8
44011,69,218.8,StL 3_Bed set between Cerro Gordo and Chunchullo,Zr-U-Pb,20.7,0.9
44011,73,218.8,StL 3_Bed set between Cerro Gordo and Chunchullo,Zr-U-Pb,21.4,1.2
44011,62,218.8,StL 3_Bed set between Cerro Gordo and Chunchullo,Zr-U-Pb,25.2,1.2
44011,1,218.8,StL 3_Bed set between Cerro Gordo and Chunchullo,Zr-U-Pb,25.8,3.1
44011,57,218.8,StL 3_Bed set between Cerro Gordo and Chunchullo,Zr-U-Pb,36.3,1.2
44011,58,218.8,StL 3_Bed set between Cerro Gordo and Chunchullo,Zr-U-Pb,36.6,1.3
44011,89,218.8,StL 3_Bed set between Cerro Gordo and Chunchullo,Zr-U-Pb,36.9,1.2
44011,53,218.8,StL 3_Bed set between Cerro Gordo and Chunchullo,Zr-U-Pb,37.0,1.2
44011,35,218.8,StL 3_Bed set between Cerro Gordo and Chunchullo,Zr-U-Pb,38.6,1.4
44011,32,218.8,StL 3_Bed set between Cerro Gordo and Chunchullo,Zr-U-Pb,39.3,1.5
44011,34,218.8,StL 3_Bed set between Cerro Gordo and Chunchullo,Zr-U-Pb,39.4,1.6
44011,48,218.8,StL 3_Bed set between Cerro Gordo and Chunchullo,Zr-U-Pb,41.1,1.3
44011,13,218.8,StL 3_Bed set between Cerro Gordo and Chunchullo,Zr-U-Pb,41.1,2.1
44011,37,218.8,StL 3_Bed set between Cerro Gordo and Chunchullo,Zr-U-Pb,41.6,1.5
44011,75,218.8,StL 3_Bed set between Cerro Gordo and Chunchullo,Zr-U-Pb,41.8,1.4
44011,11,218.8,StL 3_Bed set between Cerro Gordo and Chunchullo,Zr-U-Pb,42.0,1.3
44011,3,218.8,StL 3_Bed set between Cerro Gordo and Chunchullo,Zr-U-Pb,42.1,1.4
44011,30,218.8,StL 3_Bed set between Cerro Gordo and Chunchullo,Zr-U-Pb,42.5,2.0
44011,23,218.8,StL 3_Bed set between Cerro Gordo and Chunchullo,Zr-U-Pb,42.9,1.9
44011,2,218.8,StL 3_Bed set between Cerro Gordo and Chunchullo,Zr-U-Pb,43.6,1.5
44011,22,218.8,StL 3_Bed set between Cerro Gordo and Chunchullo,Zr-U-Pb,43.8,1.7
44011,36,218.8,StL 3_Bed set between Cerro Gordo and Chunchullo,Zr-U-Pb,46.0,2.1
44011,15,218.8,StL 3_Bed set between Cerro Gordo and Chunchullo,Zr-U-Pb,49.5,1.9
44011,90,218.8,StL 3_Bed set between Cerro Gordo and Chunchullo,Zr-U-Pb,59.7,7.0
44011,87,218.8,StL 3_Bed set between Cerro Gordo and Chunchullo,Zr-U-Pb,77.9,2.4
44011,96,218.8,StL 3_Bed set between Cerro Gordo and Chunchullo,Zr-U-Pb,81.7,3.6
44011,40,218.8,StL 3_Bed set between Cerro Gordo and Chunchullo,Zr-U-Pb,82.1,2.9
44011,21,218.8,StL 3_Bed set between Cerro Gordo and Chunchullo,Zr-U-Pb,82.3,3.2
44011,27,218.8,StL 3_Bed set between Cerro Gordo and Chunchullo,Zr-U-Pb,83.1,3.9
44011,47,218.8,StL 3_Bed set between Cerro Gordo and Chunchullo,Zr-U-Pb,83.6,1.9
44011,50,218.8,StL 3_Bed set between Cerro Gordo and Chunchullo,Zr-U-Pb,84.6,2.9
44011,93,218.8,StL 3_Bed set between Cerro Gordo and Chunchullo,Zr-U-Pb,84.7,2.5
44011,19,218.8,StL 3_Bed set between Cerro Gordo and Chunchullo,Zr-U-Pb,85.8,3.4
44011,79,218.8,StL 3_Bed set between Cerro Gordo and Chunchullo,Zr-U-Pb,86.1,3.2
44011,26,218.8,StL 3_Bed set between Cerro Gordo and Chunchullo,Zr-U-Pb,94.1,7.0
44011,95,218.8,StL 3_Bed set between Cerro Gordo and Chunchullo,Zr-U-Pb,117.7,3.6
44011,88,218.8,StL 3_Bed set between Cerro Gordo and Chunchullo,Zr-U-Pb,137.8,13.9
44011,74,218.8,StL 3_Bed set between Cerro Gordo and Chunchullo,Zr-U-Pb,147.2,3.7
44011,54,218.8,StL 3_Bed set between Cerro Gordo and Chunchullo,Zr-U-Pb,148.6,3.7
44011,41,218.8,StL 3_Bed set between Cerro Gordo and Chunchullo,Zr-U-Pb,178.0,5.5
44011,83,218.8,StL 3_Bed set between Cerro Gordo and Chunchullo,Zr-U-Pb,183.2,5.1
44011,14,218.8,StL 3_Bed set between Cerro Gordo and Chunchullo,Zr-U-Pb,183.7,6.9
44011,49,218.8,StL 3_Bed set between Cerro Gordo and Chunchullo,Zr-U-Pb,184.9,6.3
44011,4,218.8,StL 3_Bed set between Cerro Gordo and Chunchullo,Zr-U-Pb,185.4,5.3
44011,17,218.8,StL 3_Bed set between Cerro Gordo and Chunchullo,Zr-U-Pb,185.7,5.5
44011,52,218.8,StL 3_Bed set between Cerro Gordo and Chunchullo,Zr-U-Pb,186.4,6.1
44011,71,218.8,StL 3_Bed set between Cerro Gordo and Chunchullo,Zr-U-Pb,189.3,6.9
44011,5,218.8,StL 3_Bed set between Cerro Gordo and Chunchullo,Zr-U-Pb,190.9,6.1
44011,82,218.8,StL 3_Bed set between Cerro Gordo and Chunchullo,Zr-U-Pb,193.6,5.9
44011,64,218.8,StL 3_Bed set between Cerro Gordo and Chunchullo,Zr-U-Pb,244.1,9.3
44011,80,218.8,StL 3_Bed set between Cerro Gordo and Chunchullo,Zr-U-Pb,246.6,6.8
44011,18,218.8,StL 3_Bed set between Cerro Gordo and Chunchullo,Zr-U-Pb,251.0,7.4
44011,66,218.8,StL 3_Bed set between Cerro Gordo and Chunchullo,Zr-U-Pb,254.1,6.8
44011,7,218.8,StL 3_Bed set between Cerro Gordo and Chunchullo,Zr-U-Pb,260.9,8.0
44011,60,218.8,StL 3_Bed set between Cerro Gordo and Chunchullo,Zr-U-Pb,265.8,8.0
44011,33,218.8,StL 3_Bed set between Cerro Gordo and Chunchullo,Zr-U-Pb,275.1,9.3
44011,68,218.8,StL 3_Bed set between Cerro Gordo and Chunchullo,Zr-U-Pb,275.1,9.9
44011,63,218.8,StL 3_Bed set between Cerro Gordo and Chunchullo,Zr-U-Pb,280.0,8.6
44011,78,218.8,StL 3_Bed set between Cerro Gordo and Chunchullo,Zr-U-Pb,298.5,8.0
44011,10,218.8,StL 3_Bed set between Cerro Gordo and Chunchullo,Zr-U-Pb,498.5,15.5
44011,42,218.8,StL 3_Bed set between Cerro Gordo and Chunchullo,Zr-U-Pb,499.1,14.3
44011,31,218.8,StL 3_Bed set between Cerro Gordo and Chunchullo,Zr-U-Pb,505.7,14.3
44011,8,218.8,StL 3_Bed set between Cerro Gordo and Chunchullo,Zr-U-Pb,565.6,13.6
44011,6,218.8,StL 3_Bed set between Cerro Gordo and Chunchullo,Zr-U-Pb,812.9,23.3
44011,55,218.8,StL 3_Bed set between Cerro Gordo and Chunchullo,Zr-U-Pb,1036.0,84.9
44011,65,218.8,StL 3_Bed set between Cerro Gordo and Chunchullo,Zr-U-Pb,1036.0,57.5
44011,28,218.8,StL 3_Bed set between Cerro Gordo and Chunchullo,Zr-U-Pb,1146.9,73.9
44011,12,218.8,StL 3_Bed set between Cerro Gordo and Chunchullo,Zr-U-Pb,1179.7,54.9
44011,70,218.8,StL 3_Bed set between Cerro Gordo and Chunchullo,Zr-U-Pb,1201.9,59.0
44011,92,218.8,StL 3_Bed set between Cerro Gordo and Chunchullo,Zr-U-Pb,1306.4,52.8
44011,94,218.8,StL 3_Bed set between Cerro Gordo and Chunchullo,Zr-U-Pb,1308.7,80.2
44011,59,218.8,StL 3_Bed set between Cerro Gordo and Chunchullo,Zr-U-Pb,1421.3,44.7
44011,77,218.8,StL 3_Bed set between Cerro Gordo and Chunchullo,Zr-U-Pb,1454.9,58.3
44011,44,218.8,StL 3_Bed set between Cerro Gordo and Chunchullo,Zr-U-Pb,1530.0,45.5
44011,61,218.8,StL 3_Bed set between Cerro Gordo and Chunchullo,Zr-U-Pb,1559.5,56.3
44011,25,218.8,StL 3_Bed set between Cerro Gordo and Chunchullo,Zr-U-Pb,1716.0,52.5
44011,72,218.8,StL 3_Bed set between Cerro Gordo and Chunchullo,Zr-U-Pb,1867.3,61.6
44011,85,218.8,StL 3_Bed set between Cerro Gordo and Chunchullo,Zr-U-Pb,1868.9,102.7
44011,51,218.8,StL 3_Bed set between Cerro Gordo and Chunchullo,Zr-U-Pb,1992.9,52.3
44011,9,218.8,StL 3_Bed set between Cerro Gordo and Chunchullo,Zr-U-Pb,2056.8,43.1
44017,75,63.5,StL 1_Bed set below Cerro Gordo,Zr-U-Pb,17.6,0.8
44017,102,63.5,StL 1_Bed set below Cerro Gordo,Zr-U-Pb,17.6,0.8
44017,118,63.5,StL 1_Bed set below Cerro Gordo,Zr-U-Pb,17.6,0.6
44017,7,63.5,StL 1_Bed set below Cerro Gordo,Zr-U-Pb,19.1,0.6
44017,89,63.5,StL 1_Bed set below Cerro Gordo,Zr-U-Pb,25.0,0.9
44017,124,63.5,StL 1_Bed set below Cerro Gordo,Zr-U-Pb,25.6,1.2
44017,82,63.5,StL 1_Bed set below Cerro Gordo,Zr-U-Pb,26.8,1.3
44017,51,63.5,StL 1_Bed set below Cerro Gordo,Zr-U-Pb,28.2,2.4
44017,122,63.5,StL 1_Bed set below Cerro Gordo,Zr-U-Pb,31.7,1.5
44017,101,63.5,StL 1_Bed set below Cerro Gordo,Zr-U-Pb,34.6,1.2
44017,23,63.5,StL 1_Bed set below Cerro Gordo,Zr-U-Pb,35.0,1.3
44017,103,63.5,StL 1_Bed set below Cerro Gordo,Zr-U-Pb,35.8,2.1
44017,39,63.5,StL 1_Bed set below Cerro Gordo,Zr-U-Pb,37.6,1.0
44017,77,63.5,StL 1_Bed set below Cerro Gordo,Zr-U-Pb,39.8,1.9
44017,31,63.5,StL 1_Bed set below Cerro Gordo,Zr-U-Pb,40.5,1.0
44017,44,63.5,StL 1_Bed set below Cerro Gordo,Zr-U-Pb,41.3,1.3
44017,32,63.5,StL 1_Bed set below Cerro Gordo,Zr-U-Pb,41.8,1.0
44017,46,63.5,StL 1_Bed set below Cerro Gordo,Zr-U-Pb,42.8,1.2
44017,79,63.5,StL 1_Bed set below Cerro Gordo,Zr-U-Pb,43.1,1.6
44017,16,63.5,StL 1_Bed set below Cerro Gordo,Zr-U-Pb,43.2,1.0
44017,71,63.5,StL 1_Bed set below Cerro Gordo,Zr-U-Pb,43.9,1.3
44017,5,63.5,StL 1_Bed set below Cerro Gordo,Zr-U-Pb,45.0,1.9
44017,18,63.5,StL 1_Bed set below Cerro Gordo,Zr-U-Pb,45.0,1.6
44017,25,63.5,StL 1_Bed set below Cerro Gordo,Zr-U-Pb,45.6,1.3
44017,78,63.5,StL 1_Bed set below Cerro Gordo,Zr-U-Pb,46.1,1.3
44017,85,63.5,StL 1_Bed set below Cerro Gordo,Zr-U-Pb,46.2,1.3
44017,12,63.5,StL 1_Bed set below Cerro Gordo,Zr-U-Pb,46.8,1.7
44017,14,63.5,StL 1_Bed set below Cerro Gordo,Zr-U-Pb,48.2,1.4
44017,63,63.5,StL 1_Bed set below Cerro Gordo,Zr-U-Pb,48.3,1.5
44017,57,63.5,StL 1_Bed set below Cerro Gordo,Zr-U-Pb,49.2,2.0
44017,42,63.5,StL 1_Bed set below Cerro Gordo,Zr-U-Pb,49.5,1.7
44017,10,63.5,StL 1_Bed set below Cerro Gordo,Zr-U-Pb,53.1,1.9
44017,116,63.5,StL 1_Bed set below Cerro Gordo,Zr-U-Pb,75.7,2.0
44017,29,63.5,StL 1_Bed set below Cerro Gordo,Zr-U-Pb,81.9,2.4
44017,94,63.5,StL 1_Bed set below Cerro Gordo,Zr-U-Pb,81.9,3.3
44017,28,63.5,StL 1_Bed set below Cerro Gordo,Zr-U-Pb,81.9,2.9
44017,81,63.5,StL 1_Bed set below Cerro Gordo,Zr-U-Pb,82.6,2.7
44017,123,63.5,StL 1_Bed set below Cerro Gordo,Zr-U-Pb,82.9,2.9
44017,64,63.5,StL 1_Bed set below Cerro Gordo,Zr-U-Pb,83.0,3.4
44017,96,63.5,StL 1_Bed set below Cerro Gordo,Zr-U-Pb,83.6,4.2
44017,91,63.5,StL 1_Bed set below Cerro Gordo,Zr-U-Pb,83.9,2.6
44017,92,63.5,StL 1_Bed set below Cerro Gordo,Zr-U-Pb,86.5,2.4
44017,72,63.5,StL 1_Bed set below Cerro Gordo,Zr-U-Pb,88.1,2.4
44017,98,63.5,StL 1_Bed set below Cerro Gordo,Zr-U-Pb,88.3,3.2
44017,84,63.5,StL 1_Bed set below Cerro Gordo,Zr-U-Pb,88.9,2.2
44017,114,63.5,StL 1_Bed set below Cerro Gordo,Zr-U-Pb,91.3,3.6
44017,37,63.5,StL 1_Bed set below Cerro Gordo,Zr-U-Pb,99.8,4.4
44017,125,63.5,StL 1_Bed set below Cerro Gordo,Zr-U-Pb,112.3,3.3
44017,74,63.5,StL 1_Bed set below Cerro Gordo,Zr-U-Pb,116.2,3.5
44017,109,63.5,StL 1_Bed set below Cerro Gordo,Zr-U-Pb,125.2,4.0
44017,33,63.5,StL 1_Bed set below Cerro Gordo,Zr-U-Pb,128.8,4.7
44017,49,63.5,StL 1_Bed set below Cerro Gordo,Zr-U-Pb,144.3,4.2
44017,43,63.5,StL 1_Bed set below Cerro Gordo,Zr-U-Pb,152.4,5.2
44017,121,63.5,StL 1_Bed set below Cerro Gordo,Zr-U-Pb,158.7,5.2
44017,52,63.5,StL 1_Bed set below Cerro Gordo,Zr-U-Pb,159.9,5.6
44017,68,63.5,StL 1_Bed set below Cerro Gordo,Zr-U-Pb,162.9,4.9
44017,110,63.5,StL 1_Bed set below Cerro Gordo,Zr-U-Pb,164.6,4.1
44017,111,63.5,StL 1_Bed set below Cerro Gordo,Zr-U-Pb,168.9,5.0
44017,59,63.5,StL 1_Bed set below Cerro Gordo,Zr-U-Pb,185.0,4.9
44017,120,63.5,StL 1_Bed set below Cerro Gordo,Zr-U-Pb,187.6,5.3
44017,35,63.5,StL 1_Bed set below Cerro Gordo,Zr-U-Pb,190.2,4.9
44017,80,63.5,StL 1_Bed set below Cerro Gordo,Zr-U-Pb,190.9,5.0
44017,119,63.5,StL 1_Bed set below Cerro Gordo,Zr-U-Pb,191.1,5.1
44017,76,63.5,StL 1_Bed set below Cerro Gordo,Zr-U-Pb,192.9,5.7
44017,115,63.5,StL 1_Bed set below Cerro Gordo,Zr-U-Pb,195.9,6.2
44017,50,63.5,StL 1_Bed set below Cerro Gordo,Zr-U-Pb,196.2,6.9
44017,83,63.5,StL 1_Bed set below Cerro Gordo,Zr-U-Pb,197.6,5.9
44017,13,63.5,StL 1_Bed set below Cerro Gordo,Zr-U-Pb,198.2,5.7
44017,2,63.5,StL 1_Bed set below Cerro Gordo,Zr-U-Pb,199.9,6.9
44017,62,63.5,StL 1_Bed set below Cerro Gordo,Zr-U-Pb,201.3,5.2
44017,105,63.5,StL 1_Bed set below Cerro Gordo,Zr-U-Pb,231.6,5.1
44017,53,63.5,StL 1_Bed set below Cerro Gordo,Zr-U-Pb,231.7,8.1
44017,65,63.5,StL 1_Bed set below Cerro Gordo,Zr-U-Pb,264.0,9.3
44017,54,63.5,StL 1_Bed set below Cerro Gordo,Zr-U-Pb,268.3,8.0
44017,34,63.5,StL 1_Bed set below Cerro Gordo,Zr-U-Pb,283.8,6.8
44017,61,63.5,StL 1_Bed set below Cerro Gordo,Zr-U-Pb,283.8,9.3
44017,106,63.5,StL 1_Bed set below Cerro Gordo,Zr-U-Pb,285.0,7.4
44017,117,63.5,StL 1_Bed set below Cerro Gordo,Zr-U-Pb,326.8,9.2
44017,15,63.5,StL 1_Bed set below Cerro Gordo,Zr-U-Pb,462.0,10.8
44017,97,63.5,StL 1_Bed set below Cerro Gordo,Zr-U-Pb,536.0,13.6
44017,8,63.5,StL 1_Bed set below Cerro Gordo,Zr-U-Pb,550.2,11.8
44017,56,63.5,StL 1_Bed set below Cerro Gordo,Zr-U-Pb,570.9,14.8
44017,36,63.5,StL 1_Bed set below Cerro Gordo,Zr-U-Pb,606.2,14.7
44017,48,63.5,StL 1_Bed set below Cerro Gordo,Zr-U-Pb,629.6,15.8
44017,88,63.5,StL 1_Bed set below Cerro Gordo,Zr-U-Pb,643.1,17.5
44017,1,63.5,StL 1_Bed set below Cerro Gordo,Zr-U-Pb,646.0,16.9
44017,55,63.5,StL 1_Bed set below Cerro Gordo,Zr-U-Pb,654.1,18.1
44017,30,63.5,StL 1_Bed set below Cerro Gordo,Zr-U-Pb,988.8,67.7
44017,70,63.5,StL 1_Bed set below Cerro Gordo,Zr-U-Pb,986.0,48.1
44017,4,63.5,StL 1_Bed set below Cerro Gordo,Zr-U-Pb,1011.2,39.0
44017,67,63.5,StL 1_Bed set below Cerro Gordo,Zr-U-Pb,1092.4,50.2
44017,41,63.5,StL 1_Bed set below Cerro Gordo,Zr-U-Pb,1149.4,38.2
44017,19,63.5,StL 1_Bed set below Cerro Gordo,Zr-U-Pb,1154.5,38.0
44017,3,63.5,StL 1_Bed set below Cerro Gordo,Zr-U-Pb,1201.9,39.3
44017,104,63.5,StL 1_Bed set below Cerro Gordo,Zr-U-Pb,1240.7,50.3
44017,66,63.5,StL 1_Bed set below Cerro Gordo,Zr-U-Pb,1250.3,59.5
44017,86,63.5,StL 1_Bed set below Cerro Gordo,Zr-U-Pb,1269.2,40.0
44017,107,63.5,StL 1_Bed set below Cerro Gordo,Zr-U-Pb,1386.8,37.0
44017,90,63.5,StL 1_Bed set below Cerro Gordo,Zr-U-Pb,1404.1,47.4
44017,6,63.5,StL 1_Bed set below Cerro Gordo,Zr-U-Pb,1406.3,36.5
44017,112,63.5,StL 1_Bed set below Cerro Gordo,Zr-U-Pb,1532.0,39.6
44017,24,63.5,StL 1_Bed set below Cerro Gordo,Zr-U-Pb,1565.3,38.7
44017,20,63.5,StL 1_Bed set below Cerro Gordo,Zr-U-Pb,1582.6,44.0
44017,87,63.5,StL 1_Bed set below Cerro Gordo,Zr-U-Pb,1849.8,40.0
44017,17,63.5,StL 1_Bed set below Cerro Gordo,Zr-U-Pb,2089.8,43.5
Z1,010811-01-038,120.0,StL 1_Bed set below Cerro Gordo,Zr-U-Pb,14.0,4
Z1,010811-01-086,120.0,StL 1_Bed set below Cerro Gordo,Zr-U-Pb,14.0,6
Z1,010811-01-003,120.0,StL 1_Bed set below Cerro Gordo,Zr-U-Pb,15.0,2
Z1,010811-01-058,120.0,StL 1_Bed set below Cerro Gordo,Zr-U-Pb,15.0,6
Z1,010811-01-057,120.0,StL 1_Bed set below Cerro Gordo,Zr-U-Pb,17.0,8
Z1,010811-01-072,120.0,StL 1_Bed set below Cerro Gordo,Zr-U-Pb,17.0,6
Z1,010811-01-037,120.0,StL 1_Bed set below Cerro Gordo,Zr-U-Pb,24.0,6
Z1,010811-01-014,120.0,StL 1_Bed set below Cerro Gordo,Zr-U-Pb,35.0,4
Z1,010811-01-033,120.0,StL 1_Bed set below Cerro Gordo,Zr-U-Pb,35.0,6
Z1,010811-01-001,120.0,StL 1_Bed set below Cerro Gordo,Zr-U-Pb,36.0,4
Z1,010811-01-046,120.0,StL 1_Bed set below Cerro Gordo,Zr-U-Pb,36.0,2
Z1,010811-01-041,120.0,StL 1_Bed set below Cerro Gordo,Zr-U-Pb,38.0,4
Z1,010811-01-055,120.0,StL 1_Bed set below Cerro Gordo,Zr-U-Pb,38.0,4
Z1,010811-01-118,120.0,StL 1_Bed set below Cerro Gordo,Zr-U-Pb,38.0,4
Z1,010811-01-090,120.0,StL 1_Bed set below Cerro Gordo,Zr-U-Pb,39.0,6
Z1,010811-01-023,120.0,StL 1_Bed set below Cerro Gordo,Zr-U-Pb,40.0,6
Z1,010811-01-035,120.0,StL 1_Bed set below Cerro Gordo,Zr-U-Pb,40.0,8
Z1,010811-01-059,120.0,StL 1_Bed set below Cerro Gordo,Zr-U-Pb,40.0,4
Z1,010811-01-044,120.0,StL 1_Bed set below Cerro Gordo,Zr-U-Pb,41.0,8
Z1,010811-01-069,120.0,StL 1_Bed set below Cerro Gordo,Zr-U-Pb,41.0,6
Z1,010811-01-087,120.0,StL 1_Bed set below Cerro Gordo,Zr-U-Pb,41.0,6
Z1,010811-01-114,120.0,StL 1_Bed set below Cerro Gordo,Zr-U-Pb,41.0,6
Z1,010811-01-018,120.0,StL 1_Bed set below Cerro Gordo,Zr-U-Pb,42.0,6
Z1,010811-01-093,120.0,StL 1_Bed set below Cerro Gordo,Zr-U-Pb,43.0,2
Z1,010811-01-053,120.0,StL 1_Bed set below Cerro Gordo,Zr-U-Pb,45.0,2
Z1,010811-01-080,120.0,StL 1_Bed set below Cerro Gordo,Zr-U-Pb,46.0,4
Z1,010811-01-051,120.0,StL 1_Bed set below Cerro Gordo,Zr-U-Pb,60.0,4
Z1,010811-01-102,120.0,StL 1_Bed set below Cerro Gordo,Zr-U-Pb,69.0,8
Z1,010811-01-104,120.0,StL 1_Bed set below Cerro Gordo,Zr-U-Pb,73.0,12
Z1,010811-01-100,120.0,StL 1_Bed set below Cerro Gordo,Zr-U-Pb,76.0,8
Z1,010811-01-091,120.0,StL 1_Bed set below Cerro Gordo,Zr-U-Pb,77.0,12
Z1,010811-01-015,120.0,StL 1_Bed set below Cerro Gordo,Zr-U-Pb,78.0,10
Z1,010811-01-017,120.0,StL 1_Bed set below Cerro Gordo,Zr-U-Pb,81.0,2
Z1,010811-01-042,120.0,StL 1_Bed set below Cerro Gordo,Zr-U-Pb,81.0,6
Z1,010811-01-025,120.0,StL 1_Bed set below Cerro Gordo,Zr-U-Pb,82.0,10
Z1,010811-01-075,120.0,StL 1_Bed set below Cerro Gordo,Zr-U-Pb,84.0,14
Z1,010811-01-047,120.0,StL 1_Bed set below Cerro Gordo,Zr-U-Pb,85.0,6
Z1,010811-01-097,120.0,StL 1_Bed set below Cerro Gordo,Zr-U-Pb,85.0,12
Z1,010811-01-074,120.0,StL 1_Bed set below Cerro Gordo,Zr-U-Pb,94.0,6
Z1,010811-01-034,120.0,StL 1_Bed set below Cerro Gordo,Zr-U-Pb,116.0,14
Z1,010811-01-064,120.0,StL 1_Bed set below Cerro Gordo,Zr-U-Pb,145.0,16
Z1,010811-01-105,120.0,StL 1_Bed set below Cerro Gordo,Zr-U-Pb,159.0,18
Z1,010811-01-076,120.0,StL 1_Bed set below Cerro Gordo,Zr-U-Pb,165.0,10
Z1,010811-01-065,120.0,StL 1_Bed set below Cerro Gordo,Zr-U-Pb,172.0,10
Z1,010811-01-010,120.0,StL 1_Bed set below Cerro Gordo,Zr-U-Pb,182.0,10
Z1,010811-01-008,120.0,StL 1_Bed set below Cerro Gordo,Zr-U-Pb,183.0,8
Z1,010811-01-028,120.0,StL 1_Bed set below Cerro Gordo,Zr-U-Pb,183.0,8
Z1,010811-01-039,120.0,StL 1_Bed set below Cerro Gordo,Zr-U-Pb,184.0,8
Z1,010811-01-089,120.0,StL 1_Bed set below Cerro Gordo,Zr-U-Pb,184.0,8
Z1,010811-01-084,120.0,StL 1_Bed set below Cerro Gordo,Zr-U-Pb,186.0,10
Z1,010811-01-119,120.0,StL 1_Bed set below Cerro Gordo,Zr-U-Pb,186.0,8
Z1,010811-01-021,120.0,StL 1_Bed set below Cerro Gordo,Zr-U-Pb,187.0,8
Z1,010811-01-030,120.0,StL 1_Bed set below Cerro Gordo,Zr-U-Pb,187.0,6
Z1,010811-01-045,120.0,StL 1_Bed set below Cerro Gordo,Zr-U-Pb,188.0,6
Z1,010811-01-052,120.0,StL 1_Bed set below Cerro Gordo,Zr-U-Pb,231.0,10
Z1,010811-01-032,120.0,StL 1_Bed set below Cerro Gordo,Zr-U-Pb,233.0,8
Z1,010811-01-009,120.0,StL 1_Bed set below Cerro Gordo,Zr-U-Pb,239.0,6
Z1,010811-01-006,120.0,StL 1_Bed set below Cerro Gordo,Zr-U-Pb,243.0,32
Z1,010811-01-079,120.0,StL 1_Bed set below Cerro Gordo,Zr-U-Pb,246.0,8
Z1,010811-01-068,120.0,StL 1_Bed set below Cerro Gordo,Zr-U-Pb,258.0,8
Z1,010811-01-029,120.0,StL 1_Bed set below Cerro Gordo,Zr-U-Pb,269.0,10
Z1,010811-01-099,120.0,StL 1_Bed set below Cerro Gordo,Zr-U-Pb,273.0,8
Z1,010811-01-002,120.0,StL 1_Bed set below Cerro Gordo,Zr-U-Pb,274.0,6
Z1,010811-01-024,120.0,StL 1_Bed set below Cerro Gordo,Zr-U-Pb,274.0,10
Z1,010811-01-049,120.0,StL 1_Bed set below Cerro Gordo,Zr-U-Pb,288.0,6
Z1,010811-01-050,120.0,StL 1_Bed set below Cerro Gordo,Zr-U-Pb,288.0,12
Z1,010811-01-056,120.0,StL 1_Bed set below Cerro Gordo,Zr-U-Pb,339.0,12
Z1,010811-01-060,120.0,StL 1_Bed set below Cerro Gordo,Zr-U-Pb,409.0,16
Z1,010811-01-103,120.0,StL 1_Bed set below Cerro Gordo,Zr-U-Pb,467.0,14
Z1,010811-01-026,120.0,StL 1_Bed set below Cerro Gordo,Zr-U-Pb,562.0,34
Z1,010811-01-027,120.0,StL 1_Bed set below Cerro Gordo,Zr-U-Pb,565.0,16
Z1,010811-01-070,120.0,StL 1_Bed set below Cerro Gordo,Zr-U-Pb,580.0,12
Z1,010811-01-085,120.0,StL 1_Bed set below Cerro Gordo,Zr-U-Pb,587.0,18
Z1,010811-01-005,120.0,StL 1_Bed set below Cerro Gordo,Zr-U-Pb,984.0,56
Z1,010811-01-117,120.0,StL 1_Bed set below Cerro Gordo,Zr-U-Pb,1095.0,90
Z1,010811-01-019,120.0,StL 1_Bed set below Cerro Gordo,Zr-U-Pb,1137.0,138
Z1,010811-01-006,120.0,StL 1_Bed set below Cerro Gordo,Zr-U-Pb,1183.0,164
Z1,010811-01-061,120.0,StL 1_Bed set below Cerro Gordo,Zr-U-Pb,1204.0,36
Z1,010811-01-062,120.0,StL 1_Bed set below Cerro Gordo,Zr-U-Pb,1216.0,30
Z1,010811-01-082,120.0,StL 1_Bed set below Cerro Gordo,Zr-U-Pb,1897.0,22
Z2,060811-04-DZ082,303.0,StL 5_Bed set between Chunchullo and Tatacoa,Zr-U-Pb,12.7,3.8
Z2,060811-04-DZ014,303.0,StL 5_Bed set between Chunchullo and Tatacoa,Zr-U-Pb,13.1,4.2
Z2,060811-04-DZ046,303.0,StL 5_Bed set between Chunchullo and Tatacoa,Zr-U-Pb,13.1,2.0
Z2,060811-04-DZ031,303.0,StL 5_Bed set between Chunchullo and Tatacoa,Zr-U-Pb,13.3,2.8
Z2,060811-04-DZ094,303.0,StL 5_Bed set between Chunchullo and Tatacoa,Zr-U-Pb,13.3,4.2
Z2,060811-04-DZ064,303.0,StL 5_Bed set between Chunchullo and Tatacoa,Zr-U-Pb,13.4,4.2
Z2,060811-04-DZ023,303.0,StL 5_Bed set between Chunchullo and Tatacoa,Zr-U-Pb,13.6,5.2
Z2,060811-04-DZ077,303.0,StL 5_Bed set between Chunchullo and Tatacoa,Zr-U-Pb,13.6,3.8
Z2,060811-04-DZ091,303.0,StL 5_Bed set between Chunchullo and Tatacoa,Zr-U-Pb,13.6,3.6
Z2,060811-04-DZ026,303.0,StL 5_Bed set between Chunchullo and Tatacoa,Zr-U-Pb,13.7,2.0
Z2,060811-04-DZ074,303.0,StL 5_Bed set between Chunchullo and Tatacoa,Zr-U-Pb,13.7,2.2
Z2,060811-04-DZ085,303.0,StL 5_Bed set between Chunchullo and Tatacoa,Zr-U-Pb,13.7,1.8
Z2,060811-04-DZ007,303.0,StL 5_Bed set between Chunchullo and Tatacoa,Zr-U-Pb,13.8,2.4
Z2,060811-04-DZ032,303.0,StL 5_Bed set between Chunchullo and Tatacoa,Zr-U-Pb,13.8,3.6
Z2,060811-04-DZ033,303.0,StL 5_Bed set between Chunchullo and Tatacoa,Zr-U-Pb,13.8,3.8
Z2,060811-04,303.0,StL 5_Bed set between Chunchullo and Tatacoa,Zr-U-Pb,13.8,5.6
Z2,060811-04,303.0,StL 5_Bed set between Chunchullo and Tatacoa,Zr-U-Pb,13.8,2.6
Z2,060811-04-DZ083,303.0,StL 5_Bed set between Chunchullo and Tatacoa,Zr-U-Pb,13.8,1.6
Z2,060811-04-DZ098,303.0,StL 5_Bed set between Chunchullo and Tatacoa,Zr-U-Pb,13.8,1.2
Z2,060811-04,303.0,StL 5_Bed set between Chunchullo and Tatacoa,Zr-U-Pb,13.9,2.4
Z2,060811-04,303.0,StL 5_Bed set between Chunchullo and Tatacoa,Zr-U-Pb,13.9,2.8
Z2,060811-04,303.0,StL 5_Bed set between Chunchullo and Tatacoa,Zr-U-Pb,14.0,3.0
Z2,060811-04,303.0,StL 5_Bed set between Chunchullo and Tatacoa,Zr-U-Pb,14.0,4.6
Z2,060811-04,303.0,StL 5_Bed set between Chunchullo and Tatacoa,Zr-U-Pb,14.0,3.2
Z2,060811-04,303.0,StL 5_Bed set between Chunchullo and Tatacoa,Zr-U-Pb,14.0,1.8
Z2,060811-04,303.0,StL 5_Bed set between Chunchullo and Tatacoa,Zr-U-Pb,14.0,2.4
Z2,060811-04-DZ103,303.0,StL 5_Bed set between Chunchullo and Tatacoa,Zr-U-Pb,14.0,1.8
Z2,060811-04-DZ104,303.0,StL 5_Bed set between Chunchullo and Tatacoa,Zr-U-Pb,14.1,1.8
Z2,060811-04,303.0,StL 5_Bed set between Chunchullo and Tatacoa,Zr-U-Pb,14.2,3.2
Z2,060811-04,303.0,StL 5_Bed set between Chunchullo and Tatacoa,Zr-U-Pb,14.7,5.2
Z2,060811-04,303.0,StL 5_Bed set between Chunchullo and Tatacoa,Zr-U-Pb,15.1,2.6
Z2,060811-04,303.0,StL 5_Bed set between Chunchullo and Tatacoa,Zr-U-Pb,17.7,2.8
Z2,060811-04,303.0,StL 5_Bed set between Chunchullo and Tatacoa,Zr-U-Pb,23.3,6.4
Z2,060811-04-DZ088,303.0,StL 5_Bed set between Chunchullo and Tatacoa,Zr-U-Pb,30.9,5.8
Z2,060811-04-DZ096,303.0,StL 5_Bed set between Chunchullo and Tatacoa,Zr-U-Pb,32.5,1.6
Z2,060811-04-DZ093,303.0,StL 5_Bed set between Chunchullo and Tatacoa,Zr-U-Pb,35.7,2.6
Z2,060811-04,303.0,StL 5_Bed set between Chunchullo and Tatacoa,Zr-U-Pb,37.8,9.8
Z2,060811-04,303.0,StL 5_Bed set between Chunchullo and Tatacoa,Zr-U-Pb,37.9,2.8
Z2,060811-04,303.0,StL 5_Bed set between Chunchullo and Tatacoa,Zr-U-Pb,38.9,10.0
Z2,060811-04,303.0,StL 5_Bed set between Chunchullo and Tatacoa,Zr-U-Pb,39.2,6.6
Z2,060811-04-DZ086,303.0,StL 5_Bed set between Chunchullo and Tatacoa,Zr-U-Pb,40.2,5.4
Z2,060811-04,303.0,StL 5_Bed set between Chunchullo and Tatacoa,Zr-U-Pb,40.8,4.6
Z2,060811-04,303.0,StL 5_Bed set between Chunchullo and Tatacoa,Zr-U-Pb,41.0,10.0
Z2,060811-04-DZ101,303.0,StL 5_Bed set between Chunchullo and Tatacoa,Zr-U-Pb,41.2,6.0
Z2,060811-04,303.0,StL 5_Bed set between Chunchullo and Tatacoa,Zr-U-Pb,41.7,3.4
Z2,060811-04,303.0,StL 5_Bed set between Chunchullo and Tatacoa,Zr-U-Pb,71.3,9.2
Z2,060811-04,303.0,StL 5_Bed set between Chunchullo and Tatacoa,Zr-U-Pb,74.7,5.4
Z2,060811-04,303.0,StL 5_Bed set between Chunchullo and Tatacoa,Zr-U-Pb,75.4,11.2
Z2,060811-04,303.0,StL 5_Bed set between Chunchullo and Tatacoa,Zr-U-Pb,78.4,8.2
Z2,060811-04-DZ080,303.0,StL 5_Bed set between Chunchullo and Tatacoa,Zr-U-Pb,81.3,3.4
Z2,060811-04,303.0,StL 5_Bed set between Chunchullo and Tatacoa,Zr-U-Pb,93.6,5.6
Z2,060811-04-DZ097,303.0,StL 5_Bed set between Chunchullo and Tatacoa,Zr-U-Pb,154.2,12.4
Z2,060811-04-DZ087,303.0,StL 5_Bed set between Chunchullo and Tatacoa,Zr-U-Pb,162.5,8.0
Z2,060811-04,303.0,StL 5_Bed set between Chunchullo and Tatacoa,Zr-U-Pb,184.8,16.8
Z2,060811-04,303.0,StL 5_Bed set between Chunchullo and Tatacoa,Zr-U-Pb,185.8,10.4
Z2,060811-04,303.0,StL 5_Bed set between Chunchullo and Tatacoa,Zr-U-Pb,186.2,8.0
Z2,060811-04-DZ099,303.0,StL 5_Bed set between Chunchullo and Tatacoa,Zr-U-Pb,187.0,4.6
Z2,060811-04,303.0,StL 5_Bed set between Chunchullo and Tatacoa,Zr-U-Pb,188.0,7.6
Z2,060811-04,303.0,StL 5_Bed set between Chunchullo and Tatacoa,Zr-U-Pb,188.9,17.2
Z2,060811-04,303.0,StL 5_Bed set between Chunchullo and Tatacoa,Zr-U-Pb,189.1,11.2
Z2,060811-04,303.0,StL 5_Bed set between Chunchullo and Tatacoa,Zr-U-Pb,191.0,8.2
Z2,060811-04,303.0,StL 5_Bed set between Chunchullo and Tatacoa,Zr-U-Pb,249.7,17.0
Z2,060811-04,303.0,StL 5_Bed set between Chunchullo and Tatacoa,Zr-U-Pb,253.5,12.4
Z2,060811-04,303.0,StL 5_Bed set between Chunchullo and Tatacoa,Zr-U-Pb,255.2,36.0
Z2,060811-04,303.0,StL 5_Bed set between Chunchullo and Tatacoa,Zr-U-Pb,286.2,9.6
Z2,060811-04,303.0,StL 5_Bed set between Chunchullo and Tatacoa,Zr-U-Pb,315.3,22.0
Z2,060811-04-DZ089,303.0,StL 5_Bed set between Chunchullo and Tatacoa,Zr-U-Pb,580.7,17.6
Z2,060811-04-DZ090,303.0,StL 5_Bed set between Chunchullo and Tatacoa,Zr-U-Pb,596.5,35.8
Z2,060811-04,303.0,StL 5_Bed set between Chunchullo and Tatacoa,Zr-U-Pb,604.8,33.0
Z2,060811-04,303.0,StL 5_Bed set between Chunchullo and Tatacoa,Zr-U-Pb,631.8,98.4
Z2,060811-04,303.0,StL 5_Bed set between Chunchullo and Tatacoa,Zr-U-Pb,894.7,24.2
Z2,060811-04,303.0,StL 5_Bed set between Chunchullo and Tatacoa,Zr-U-Pb,979.9,66.2
Z2,060811-04,303.0,StL 5_Bed set between Chunchullo and Tatacoa,Zr-U-Pb,1045.0,77.0
Z2,060811-04,303.0,StL 5_Bed set between Chunchullo and Tatacoa,Zr-U-Pb,1242.4,54.6
Z2,060811-04,303.0,StL 5_Bed set between Chunchullo and Tatacoa,Zr-U-Pb,1254.9,25.2
Z2,060811-04,303.0,StL 5_Bed set between Chunchullo and Tatacoa,Zr-U-Pb,1550.2,19.8
Z2,060811-04-DZ078,303.0,StL 5_Bed set between Chunchullo and Tatacoa,Zr-U-Pb,1760.3,13.0
Z2,060811-04,303.0,StL 5_Bed set between Chunchullo and Tatacoa,Zr-U-Pb,1876.9,15.2
Z2,060811-04,303.0,StL 5_Bed set between Chunchullo and Tatacoa,Zr-U-Pb,3110.3,63.4
Z3,310711-03-008,365.0,StL 6_Tatacoa Sandstone Beds,Zr-U-Pb,12.2,8.8
Z3,310711-03-DZ073,365.0,StL 6_Tatacoa Sandstone Beds,Zr-U-Pb,12.2,7.4
Z3,310711-03-DZ084,365.0,StL 6_Tatacoa Sandstone Beds,Zr-U-Pb,12.5,4.6
Z3,310711-03-DZ032,365.0,StL 6_Tatacoa Sandstone Beds,Zr-U-Pb,12.7,6.2
Z3,310711-03-012,365.0,StL 6_Tatacoa Sandstone Beds,Zr-U-Pb,13,10
Z3,310711-03-DZ065,365.0,StL 6_Tatacoa Sandstone Beds,Zr-U-Pb,13.3,6.2
Z3,310711-03-013,365.0,StL 6_Tatacoa Sandstone Beds,Zr-U-Pb,13.4,4.6
Z3,310711-03-DZ082,365.0,StL 6_Tatacoa Sandstone Beds,Zr-U-Pb,13.4,4.6
Z3,310711-03-017,365.0,StL 6_Tatacoa Sandstone Beds,Zr-U-Pb,13.5,6.8
Z3,310711-03-DZ072,365.0,StL 6_Tatacoa Sandstone Beds,Zr-U-Pb,13.7,5.8
Z3,310711-03-DZ076,365.0,StL 6_Tatacoa Sandstone Beds,Zr-U-Pb,13.8,2.4
Z3,310711-03-DZ081,365.0,StL 6_Tatacoa Sandstone Beds,Zr-U-Pb,13.8,2.2
Z3,310711-03-005,365.0,StL 6_Tatacoa Sandstone Beds,Zr-U-Pb,14.1,1.4
Z3,310711-03-001,365.0,StL 6_Tatacoa Sandstone Beds,Zr-U-Pb,14.3,5.6
Z3,310711-03-025,365.0,StL 6_Tatacoa Sandstone Beds,Zr-U-Pb,14.3,4.8
Z3,310711-03-DZ034,365.0,StL 6_Tatacoa Sandstone Beds,Zr-U-Pb,15.1,4.4
Z3,310711-03-DZ068,365.0,StL 6_Tatacoa Sandstone Beds,Zr-U-Pb,15.5,1.2
Z3,310711-03-011,365.0,StL 6_Tatacoa Sandstone Beds,Zr-U-Pb,15.9,5.4
Z3,310711-03-DZ069,365.0,StL 6_Tatacoa Sandstone Beds,Zr-U-Pb,16.4,10.2
Z3,310711-03-DZ055,365.0,StL 6_Tatacoa Sandstone Beds,Zr-U-Pb,16.7,5.6
Z3,310711-03-DZ050,365.0,StL 6_Tatacoa Sandstone Beds,Zr-U-Pb,17,4.4
Z3,310711-03-021,365.0,StL 6_Tatacoa Sandstone Beds,Zr-U-Pb,18.6,6.8
Z3,310711-03-014,365.0,StL 6_Tatacoa Sandstone Beds,Zr-U-Pb,23.7,3.8
Z3,310711-03-028,365.0,StL 6_Tatacoa Sandstone Beds,Zr-U-Pb,34.9,2.2
Z3,310711-03-DZ070,365.0,StL 6_Tatacoa Sandstone Beds,Zr-U-Pb,35,4.6
Z3,310711-03-020,365.0,StL 6_Tatacoa Sandstone Beds,Zr-U-Pb,35.2,8.4
Z3,310711-03-DZ067,365.0,StL 6_Tatacoa Sandstone Beds,Zr-U-Pb,35.6,3.4
Z3,310711-03-DZ064,365.0,StL 6_Tatacoa Sandstone Beds,Zr-U-Pb,35.7,7.2
Z3,310711-03-DZ053,365.0,StL 6_Tatacoa Sandstone Beds,Zr-U-Pb,35.9,6.2
Z3,310711-03-DZ045,365.0,StL 6_Tatacoa Sandstone Beds,Zr-U-Pb,39.3,5.8
Z3,310711-03-DZ046,365.0,StL 6_Tatacoa Sandstone Beds,Zr-U-Pb,40.8,12.6
Z3,310711-03-022,365.0,StL 6_Tatacoa Sandstone Beds,Zr-U-Pb,41.6,6.4
Z3,310711-03-DZ049,365.0,StL 6_Tatacoa Sandstone Beds,Zr-U-Pb,41.6,9
Z3,310711-03-DZ035,365.0,StL 6_Tatacoa Sandstone Beds,Zr-U-Pb,43.2,4.6
Z3,310711-03-023,365.0,StL 6_Tatacoa Sandstone Beds,Zr-U-Pb,43.9,8.6
Z3,310711-03-010,365.0,StL 6_Tatacoa Sandstone Beds,Zr-U-Pb,44.4,2.6
Z3,310711-03-DZ062,365.0,StL 6_Tatacoa Sandstone Beds,Zr-U-Pb,47.8,9.8
Z3,310711-03-001,365.0,StL 6_Tatacoa Sandstone Beds,Zr-U-Pb,78.1,15.4
Z3,310711-03-DZ054,365.0,StL 6_Tatacoa Sandstone Beds,Zr-U-Pb,78.1,5
Z3,310711-03-DZ078,365.0,StL 6_Tatacoa Sandstone Beds,Zr-U-Pb,78.3,4.6
Z3,310711-03-DZ058,365.0,StL 6_Tatacoa Sandstone Beds,Zr-U-Pb,78.6,17.6
Z3,310711-03-DZ085,365.0,StL 6_Tatacoa Sandstone Beds,Zr-U-Pb,78.8,5.6
Z3,310711-03-026,365.0,StL 6_Tatacoa Sandstone Beds,Zr-U-Pb,81.9,11.2
Z3,310711-03-DZ063,365.0,StL 6_Tatacoa Sandstone Beds,Zr-U-Pb,82.5,5.8
Z3,310711-03-003,365.0,StL 6_Tatacoa Sandstone Beds,Zr-U-Pb,84,4
Z3,310711-03-027,365.0,StL 6_Tatacoa Sandstone Beds,Zr-U-Pb,84,7
Z3,310711-03-DZ040,365.0,StL 6_Tatacoa Sandstone Beds,Zr-U-Pb,86.3,2.6
Z3,310711-03-DZ066,365.0,StL 6_Tatacoa Sandstone Beds,Zr-U-Pb,86.5,6.6
Z3,310711-03-DZ052,365.0,StL 6_Tatacoa Sandstone Beds,Zr-U-Pb,95.4,7.4
Z3,310711-03-DZ075,365.0,StL 6_Tatacoa Sandstone Beds,Zr-U-Pb,166.7,5.4
Z3,310711-03-DZ077,365.0,StL 6_Tatacoa Sandstone Beds,Zr-U-Pb,185.6,6.4
Z3,310711-03-007,365.0,StL 6_Tatacoa Sandstone Beds,Zr-U-Pb,186.2,12.2
Z3,310711-03-DZ038,365.0,StL 6_Tatacoa Sandstone Beds,Zr-U-Pb,186.6,8.6
Z3,310711-03-DZ079,365.0,StL 6_Tatacoa Sandstone Beds,Zr-U-Pb,187.3,8.6
Z3,310711-03-DZ048,365.0,StL 6_Tatacoa Sandstone Beds,Zr-U-Pb,187.7,4
Z3,310711-03-DZ051,365.0,StL 6_Tatacoa Sandstone Beds,Zr-U-Pb,188.4,7
Z3,310711-03-DZ047,365.0,StL 6_Tatacoa Sandstone Beds,Zr-U-Pb,189.1,6.6
Z3,310711-03-006,365.0,StL 6_Tatacoa Sandstone Beds,Zr-U-Pb,190.8,11.6
Z3,310711-03-DZ044,365.0,StL 6_Tatacoa Sandstone Beds,Zr-U-Pb,234.1,4.4
Z3,310711-03-DZ074,365.0,StL 6_Tatacoa Sandstone Beds,Zr-U-Pb,277,11.2
Z3,310711-03-029,365.0,StL 6_Tatacoa Sandstone Beds,Zr-U-Pb,279.5,15.8
Z3,310711-03-DZ042,365.0,StL 6_Tatacoa Sandstone Beds,Zr-U-Pb,283.7,12
Z3,310711-03-DZ037,365.0,StL 6_Tatacoa Sandstone Beds,Zr-U-Pb,286.2,39.8
Z3,310711-03-DZ057,365.0,StL 6_Tatacoa Sandstone Beds,Zr-U-Pb,325.9,5.6
Z3,310711-03-DZ033,365.0,StL 6_Tatacoa Sandstone Beds,Zr-U-Pb,346.1,47.4
Z3,310711-03-DZ043,365.0,StL 6_Tatacoa Sandstone Beds,Zr-U-Pb,430.7,67
Z3,310711-03-009,365.0,StL 6_Tatacoa Sandstone Beds,Zr-U-Pb,474.8,16
Z3,310711-03-030,365.0,StL 6_Tatacoa Sandstone Beds,Zr-U-Pb,525.5,27.4
Z3,310711-03-DZ060,365.0,StL 6_Tatacoa Sandstone Beds,Zr-U-Pb,591,40.6
Z3,310711-03-DZ039,365.0,StL 6_Tatacoa Sandstone Beds,Zr-U-Pb,685.2,12.6
Z3,310711-03-016,365.0,StL 6_Tatacoa Sandstone Beds,Zr-U-Pb,776.5,59
Z3,310711-03-DZ059,365.0,StL 6_Tatacoa Sandstone Beds,Zr-U-Pb,964.9,141.8
Z3,310711-03-015,365.0,StL 6_Tatacoa Sandstone Beds,Zr-U-Pb,1022.3,26.2
Z3,310711-03-DZ071,365.0,StL 6_Tatacoa Sandstone Beds,Zr-U-Pb,1093.6,73.8
Z3,310711-03-DZ083,365.0,StL 6_Tatacoa Sandstone Beds,Zr-U-Pb,2628.6,17.2
Z4,310711-04,550.0,StL 8_Cerbatana Conglomerate Beds,Zr-U-Pb,13.0,2.0
Z4,310711-04,550.0,StL 8_Cerbatana Conglomerate Beds,Zr-U-Pb,13.0,6.0
Z4,310711-04,550.0,StL 8_Cerbatana Conglomerate Beds,Zr-U-Pb,13.0,4.0
Z4,310711-04,550.0,StL 8_Cerbatana Conglomerate Beds,Zr-U-Pb,13.0,4.0
Z4,310711-04,550.0,StL 8_Cerbatana Conglomerate Beds,Zr-U-Pb,13.0,2.0
Z4,310711-04,550.0,StL 8_Cerbatana Conglomerate Beds,Zr-U-Pb,13.0,8.0
Z4,310711-04,550.0,StL 8_Cerbatana Conglomerate Beds,Zr-U-Pb,14.0,2.0
Z4,310711-04,550.0,StL 8_Cerbatana Conglomerate Beds,Zr-U-Pb,14.0,4.0
Z4,310711-04,550.0,StL 8_Cerbatana Conglomerate Beds,Zr-U-Pb,14.0,2.0
Z4,310711-04,550.0,StL 8_Cerbatana Conglomerate Beds,Zr-U-Pb,14.0,4.0
Z4,310711-04,550.0,StL 8_Cerbatana Conglomerate Beds,Zr-U-Pb,14.0,8.0
Z4,310711-04,550.0,StL 8_Cerbatana Conglomerate Beds,Zr-U-Pb,15.0,6.0
Z4,310711-04,550.0,StL 8_Cerbatana Conglomerate Beds,Zr-U-Pb,16.0,4.0
Z4,310711-04,550.0,StL 8_Cerbatana Conglomerate Beds,Zr-U-Pb,18.0,6.0
Z4,310711-04,550.0,StL 8_Cerbatana Conglomerate Beds,Zr-U-Pb,34.0,6.0
Z4,310711-04,550.0,StL 8_Cerbatana Conglomerate Beds,Zr-U-Pb,35.0,4.0
Z4,310711-04,550.0,StL 8_Cerbatana Conglomerate Beds,Zr-U-Pb,36.0,6.0
Z4,310711-04,550.0,StL 8_Cerbatana Conglomerate Beds,Zr-U-Pb,37.0,6.0
Z4,310711-04,550.0,StL 8_Cerbatana Conglomerate Beds,Zr-U-Pb,37.0,4.0
Z4,310711-04,550.0,StL 8_Cerbatana Conglomerate Beds,Zr-U-Pb,38.0,10.0
Z4,310711-04,550.0,StL 8_Cerbatana Conglomerate Beds,Zr-U-Pb,38.0,10.0
Z4,310711-04,550.0,StL 8_Cerbatana Conglomerate Beds,Zr-U-Pb,39.0,2.0
Z4,310711-04,550.0,StL 8_Cerbatana Conglomerate Beds,Zr-U-Pb,39.0,6.0
Z4,310711-04,550.0,StL 8_Cerbatana Conglomerate Beds,Zr-U-Pb,41.0,4.0
Z4,310711-04,550.0,StL 8_Cerbatana Conglomerate Beds,Zr-U-Pb,42.0,2.0
Z4,310711-04,550.0,StL 8_Cerbatana Conglomerate Beds,Zr-U-Pb,43.0,2.0
Z4,310711-04,550.0,StL 8_Cerbatana Conglomerate Beds,Zr-U-Pb,43.0,4.0
Z4,310711-04,550.0,StL 8_Cerbatana Conglomerate Beds,Zr-U-Pb,48.0,8.0
Z4,310711-04,550.0,StL 8_Cerbatana Conglomerate Beds,Zr-U-Pb,69.0,2.0
Z4,310711-04,550.0,StL 8_Cerbatana Conglomerate Beds,Zr-U-Pb,79.0,4.0
Z4,310711-04,550.0,StL 8_Cerbatana Conglomerate Beds,Zr-U-Pb,89.0,6.0
Z4,310711-04,550.0,StL 8_Cerbatana Conglomerate Beds,Zr-U-Pb,113.0,20.0
Z4,310711-04,550.0,StL 8_Cerbatana Conglomerate Beds,Zr-U-Pb,132.0,4.0
Z4,310711-04,550.0,StL 8_Cerbatana Conglomerate Beds,Zr-U-Pb,144.0,14.0
Z4,310711-04,550.0,StL 8_Cerbatana Conglomerate Beds,Zr-U-Pb,159.0,6.0
Z4,310711-04,550.0,StL 8_Cerbatana Conglomerate Beds,Zr-U-Pb,186.0,10.0
Z4,310711-04,550.0,StL 8_Cerbatana Conglomerate Beds,Zr-U-Pb,187.0,6.0
Z4,310711-04,550.0,StL 8_Cerbatana Conglomerate Beds,Zr-U-Pb,187.0,14.0
Z4,310711-04,550.0,StL 8_Cerbatana Conglomerate Beds,Zr-U-Pb,188.0,2.0
Z4,310711-04,550.0,StL 8_Cerbatana Conglomerate Beds,Zr-U-Pb,188.0,10.0
Z4,310711-04,550.0,StL 8_Cerbatana Conglomerate Beds,Zr-U-Pb,191.0,4.0
Z4,310711-04,550.0,StL 8_Cerbatana Conglomerate Beds,Zr-U-Pb,268.0,24.0
Z4,310711-04,550.0,StL 8_Cerbatana Conglomerate Beds,Zr-U-Pb,273.0,20.0
Z4,310711-04,550.0,StL 8_Cerbatana Conglomerate Beds,Zr-U-Pb,275.0,4.0
Z4,310711-04,550.0,StL 8_Cerbatana Conglomerate Beds,Zr-U-Pb,764.0,28.0
Z4,310711-04,550.0,StL 8_Cerbatana Conglomerate Beds,Zr-U-Pb,1021.0,70.0
Z4,310711-04,550.0,StL 8_Cerbatana Conglomerate Beds,Zr-U-Pb,1091.0,106.0
Z4,310711-04,550.0,StL 8_Cerbatana Conglomerate Beds,Zr-U-Pb,1155.0,266.0
Z4,310711-04,550.0,StL 8_Cerbatana Conglomerate Beds,Zr-U-Pb,1156.0,118.0
Z4,310711-04,550.0,StL 8_Cerbatana Conglomerate Beds,Zr-U-Pb,1191.0,76.0
Z4,310711-04,550.0,StL 8_Cerbatana Conglomerate Beds,Zr-U-Pb,1535.0,36.0
Z4,310711-04,550.0,StL 8_Cerbatana Conglomerate Beds,Zr-U-Pb,1544.0,92.0
Z4,310711-04,550.0,StL 8_Cerbatana Conglomerate Beds,Zr-U-Pb,1754.0,26.0
Z5,300711-07,755.0,StL 17_El Cardn Red Beds,Zr-U-Pb,12.4,6.2
Z5,300711-07,755.0,StL 17_El Cardn Red Beds,Zr-U-Pb,12.6,4.2
Z5,300711-07,755.0,StL 17_El Cardn Red Beds,Zr-U-Pb,13.1,3.2
Z5,300711-07,755.0,StL 17_El Cardn Red Beds,Zr-U-Pb,13.3,2
Z5,300711-07,755.0,StL 17_El Cardn Red Beds,Zr-U-Pb,13.3,1.4
Z5,300711-07,755.0,StL 17_El Cardn Red Beds,Zr-U-Pb,13.5,5
Z5,300711-07,755.0,StL 17_El Cardn Red Beds,Zr-U-Pb,13.7,6.4
Z5,300711-07,755.0,StL 17_El Cardn Red Beds,Zr-U-Pb,14,4.8
Z5,300711-07,755.0,StL 17_El Cardn Red Beds,Zr-U-Pb,19.9,10.2
Z5,300711-07,755.0,StL 17_El Cardn Red Beds,Zr-U-Pb,23.3,8.2
Z5,300711-07,755.0,StL 17_El Cardn Red Beds,Zr-U-Pb,24,9.8
Z5,300711-07,755.0,StL 17_El Cardn Red Beds,Zr-U-Pb,24.2,10
Z5,300711-07,755.0,StL 17_El Cardn Red Beds,Zr-U-Pb,33.9,5.4
Z5,300711-07,755.0,StL 17_El Cardn Red Beds,Zr-U-Pb,35.1,5.2
Z5,300711-07,755.0,StL 17_El Cardn Red Beds,Zr-U-Pb,37.3,4.6
Z5,300711-07,755.0,StL 17_El Cardn Red Beds,Zr-U-Pb,37.4,8.4
Z5,300711-07,755.0,StL 17_El Cardn Red Beds,Zr-U-Pb,37.4,9
Z5,300711-07,755.0,StL 17_El Cardn Red Beds,Zr-U-Pb,37.5,6
Z5,300711-07,755.0,StL 17_El Cardn Red Beds,Zr-U-Pb,37.6,1.4
Z5,300711-07,755.0,StL 17_El Cardn Red Beds,Zr-U-Pb,37.7,2
Z5,300711-07,755.0,StL 17_El Cardn Red Beds,Zr-U-Pb,38.5,16.8
Z5,300711-07,755.0,StL 17_El Cardn Red Beds,Zr-U-Pb,38.9,4.8
Z5,300711-07,755.0,StL 17_El Cardn Red Beds,Zr-U-Pb,39.3,6
Z5,300711-07,755.0,StL 17_El Cardn Red Beds,Zr-U-Pb,39.6,6.2
Z5,300711-07,755.0,StL 17_El Cardn Red Beds,Zr-U-Pb,39.7,5
Z5,300711-07,755.0,StL 17_El Cardn Red Beds,Zr-U-Pb,40.1,2.4
Z5,300711-07,755.0,StL 17_El Cardn Red Beds,Zr-U-Pb,40.8,6.8
Z5,300711-07,755.0,StL 17_El Cardn Red Beds,Zr-U-Pb,40.9,5.2
Z5,300711-07,755.0,StL 17_El Cardn Red Beds,Zr-U-Pb,41.2,6
Z5,300711-07,755.0,StL 17_El Cardn Red Beds,Zr-U-Pb,41.5,10.2
Z5,300711-07,755.0,StL 17_El Cardn Red Beds,Zr-U-Pb,42,5.8
Z5,300711-07,755.0,StL 17_El Cardn Red Beds,Zr-U-Pb,43.6,10.6
Z5,300711-07,755.0,StL 17_El Cardn Red Beds,Zr-U-Pb,44.8,9.8
Z5,300711-07,755.0,StL 17_El Cardn Red Beds,Zr-U-Pb,68.1,8
Z5,300711-07,755.0,StL 17_El Cardn Red Beds,Zr-U-Pb,68.2,11.6
Z5,300711-07,755.0,StL 17_El Cardn Red Beds,Zr-U-Pb,68.9,3.8
Z5,300711-07,755.0,StL 17_El Cardn Red Beds,Zr-U-Pb,74.6,8
Z5,300711-07,755.0,StL 17_El Cardn Red Beds,Zr-U-Pb,74.6,20.4
Z5,300711-07,755.0,StL 17_El Cardn Red Beds,Zr-U-Pb,75,10.2
Z5,300711-07,755.0,StL 17_El Cardn Red Beds,Zr-U-Pb,75.2,12.6
Z5,300711-07,755.0,StL 17_El Cardn Red Beds,Zr-U-Pb,77,3.6
Z5,300711-07,755.0,StL 17_El Cardn Red Beds,Zr-U-Pb,77.4,22.6
Z5,300711-07,755.0,StL 17_El Cardn Red Beds,Zr-U-Pb,77.5,14.8
Z5,300711-07,755.0,StL 17_El Cardn Red Beds,Zr-U-Pb,77.8,24.4
Z5,300711-07,755.0,StL 17_El Cardn Red Beds,Zr-U-Pb,78.6,16.6
Z5,300711-07,755.0,StL 17_El Cardn Red Beds,Zr-U-Pb,79.5,12.4
Z5,300711-07,755.0,StL 17_El Cardn Red Beds,Zr-U-Pb,80.3,16
Z5,300711-07,755.0,StL 17_El Cardn Red Beds,Zr-U-Pb,80.3,25.2
Z5,300711-07,755.0,StL 17_El Cardn Red Beds,Zr-U-Pb,81.1,2.6
Z5,300711-07,755.0,StL 17_El Cardn Red Beds,Zr-U-Pb,81.6,12.2
Z5,300711-07,755.0,StL 17_El Cardn Red Beds,Zr-U-Pb,81.7,14.2
Z5,300711-07,755.0,StL 17_El Cardn Red Beds,Zr-U-Pb,84.1,6.4
Z5,300711-07,755.0,StL 17_El Cardn Red Beds,Zr-U-Pb,84.5,41.2
Z5,300711-07,755.0,StL 17_El Cardn Red Beds,Zr-U-Pb,90.9,13.2
Z5,300711-07,755.0,StL 17_El Cardn Red Beds,Zr-U-Pb,129.5,4.4
Z5,300711-07,755.0,StL 17_El Cardn Red Beds,Zr-U-Pb,138,5.6
Z5,300711-07,755.0,StL 17_El Cardn Red Beds,Zr-U-Pb,141.6,10.2
Z5,300711-07,755.0,StL 17_El Cardn Red Beds,Zr-U-Pb,153.2,5.4
Z5,300711-07,755.0,StL 17_El Cardn Red Beds,Zr-U-Pb,155.4,6.6
Z5,300711-07,755.0,StL 17_El Cardn Red Beds,Zr-U-Pb,163,7.2
Z5,300711-07,755.0,StL 17_El Cardn Red Beds,Zr-U-Pb,183,13.8
Z5,300711-07,755.0,StL 17_El Cardn Red Beds,Zr-U-Pb,185.6,6.2
Z5,300711-07,755.0,StL 17_El Cardn Red Beds,Zr-U-Pb,185.7,7
Z5,300711-07,755.0,StL 17_El Cardn Red Beds,Zr-U-Pb,186.6,3.2
Z5,300711-07,755.0,StL 17_El Cardn Red Beds,Zr-U-Pb,187.2,14
Z5,300711-07,755.0,StL 17_El Cardn Red Beds,Zr-U-Pb,187.8,4.4
Z5,300711-07,755.0,StL 17_El Cardn Red Beds,Zr-U-Pb,188,9
Z5,300711-07,755.0,StL 17_El Cardn Red Beds,Zr-U-Pb,188,7.6
Z5,300711-07,755.0,StL 17_El Cardn Red Beds,Zr-U-Pb,188.3,12.8
Z5,300711-07,755.0,StL 17_El Cardn Red Beds,Zr-U-Pb,188.4,11.8
Z5,300711-07,755.0,StL 17_El Cardn Red Beds,Zr-U-Pb,188.9,4.4
Z5,300711-07,755.0,StL 17_El Cardn Red Beds,Zr-U-Pb,189,5.2
Z5,300711-07,755.0,StL 17_El Cardn Red Beds,Zr-U-Pb,190.3,7.8
Z5,300711-07,755.0,StL 17_El Cardn Red Beds,Zr-U-Pb,230.2,5.4
Z5,300711-07,755.0,StL 17_El Cardn Red Beds,Zr-U-Pb,230.5,9.8
Z5,300711-07,755.0,StL 17_El Cardn Red Beds,Zr-U-Pb,231.2,11.6
Z5,300711-07,755.0,StL 17_El Cardn Red Beds,Zr-U-Pb,235,38.2
Z5,300711-07,755.0,StL 17_El Cardn Red Beds,Zr-U-Pb,278.4,7.8
Z5,300711-07,755.0,StL 17_El Cardn Red Beds,Zr-U-Pb,283.9,12
Z5,300711-07,755.0,StL 17_El Cardn Red Beds,Zr-U-Pb,289.5,15.8
Z5,300711-07,755.0,StL 17_El Cardn Red Beds,Zr-U-Pb,352.9,34.6
Z5,300711-07,755.0,StL 17_El Cardn Red Beds,Zr-U-Pb,517.5,20.8
Z5,300711-07,755.0,StL 17_El Cardn Red Beds,Zr-U-Pb,549.6,28.6
Z5,300711-07,755.0,StL 17_El Cardn Red Beds,Zr-U-Pb,569,12.2
Z5,300711-07,755.0,StL 17_El Cardn Red Beds,Zr-U-Pb,570.9,30.6
Z5,300711-07,755.0,StL 17_El Cardn Red Beds,Zr-U-Pb,577.9,9.4
Z5,300711-07,755.0,StL 17_El Cardn Red Beds,Zr-U-Pb,785.3,16.8
Z5,300711-07,755.0,StL 17_El Cardn Red Beds,Zr-U-Pb,1015.4,95.4
Z5,300711-07,755.0,StL 17_El Cardn Red Beds,Zr-U-Pb,1166.7,150.4
Z5,300711-07,755.0,StL 17_El Cardn Red Beds,Zr-U-Pb,1176.9,24
Z5,300711-07,755.0,StL 17_El Cardn Red Beds,Zr-U-Pb,1207.6,64.6
Z5,300711-07,755.0,StL 17_El Cardn Red Beds,Zr-U-Pb,1523.3,36.4
Z5,300711-07,755.0,StL 17_El Cardn Red Beds,Zr-U-Pb,1526.8,92
Z5,300711-07,755.0,StL 17_El Cardn Red Beds,Zr-U-Pb,1548.8,22.4
Z5,300711-07,755.0,StL 17_El Cardn Red Beds,Zr-U-Pb,1610.2,65.2
Z6,030811-01-DZ082,1030.9,StL 19_Polonia Red Beds,Zr-U-Pb,15,4
Z6,030811-01-DZ010,1030.9,StL 19_Polonia Red Beds,Zr-U-Pb,74.2,6.2
Z6,030811-01-DZ085,1030.9,StL 19_Polonia Red Beds,Zr-U-Pb,91,33.8
Z6,030811-01-97,1030.9,StL 19_Polonia Red Beds,Zr-U-Pb,149,9
Z6,030811-01-DZ066,1030.9,StL 19_Polonia Red Beds,Zr-U-Pb,162.5,28.6
Z6,030811-01-DZ045,1030.9,StL 19_Polonia Red Beds,Zr-U-Pb,167.8,5.4
Z6,030811-01-DZ105,1030.9,StL 19_Polonia Red Beds,Zr-U-Pb,169.5,7.4
Z6,030811-01-DZ046,1030.9,StL 19_Polonia Red Beds,Zr-U-Pb,169.9,7.4
Z6,030811-01-DZ008,1030.9,StL 19_Polonia Red Beds,Zr-U-Pb,170,4.2
Z6,030811-01-DZ094,1030.9,StL 19_Polonia Red Beds,Zr-U-Pb,178.1,7.2
Z6,030811-01-DZ061,1030.9,StL 19_Polonia Red Beds,Zr-U-Pb,183.3,11.2
Z6,030811-01-DZ059,1030.9,StL 19_Polonia Red Beds,Zr-U-Pb,183.5,26.2
Z6,030811-01-DZ095,1030.9,StL 19_Polonia Red Beds,Zr-U-Pb,183.6,14.8
Z6,030811-DZ025,1030.9,StL 19_Polonia Red Beds,Zr-U-Pb,184.5,16.4
Z6,030811-01-DZ051,1030.9,StL 19_Polonia Red Beds,Zr-U-Pb,184.7,7.6
Z6,030811-01-98,1030.9,StL 19_Polonia Red Beds,Zr-U-Pb,184.7,10.8
Z6,030811-01-DZ003,1030.9,StL 19_Polonia Red Beds,Zr-U-Pb,184.8,9.2
Z6,030811-01-DZ035,1030.9,StL 19_Polonia Red Beds,Zr-U-Pb,184.9,8.8
Z6,030811-01-DZ060,1030.9,StL 19_Polonia Red Beds,Zr-U-Pb,184.9,20.6
Z6,030811-01-DZ031,1030.9,StL 19_Polonia Red Beds,Zr-U-Pb,185.1,6.6
Z6,030811-01-DZ004,1030.9,StL 19_Polonia Red Beds,Zr-U-Pb,185.2,7
Z6,030811-01-DZ084,1030.9,StL 19_Polonia Red Beds,Zr-U-Pb,185.4,5.8
Z6,030811-01-DZ038,1030.9,StL 19_Polonia Red Beds,Zr-U-Pb,185.5,6.8
Z6,030811-01-DZ041,1030.9,StL 19_Polonia Red Beds,Zr-U-Pb,185.5,7
Z6,030811-DZ017,1030.9,StL 19_Polonia Red Beds,Zr-U-Pb,185.6,16.6
Z6,030811-DZ023,1030.9,StL 19_Polonia Red Beds,Zr-U-Pb,185.7,8
Z6,030811-DZ019,1030.9,StL 19_Polonia Red Beds,Zr-U-Pb,185.8,7.6
Z6,030811-01-DZ048,1030.9,StL 19_Polonia Red Beds,Zr-U-Pb,185.8,12.2
Z6,030811-01-DZ033,1030.9,StL 19_Polonia Red Beds,Zr-U-Pb,186,12.6
Z6,030811-01-DZ058,1030.9,StL 19_Polonia Red Beds,Zr-U-Pb,186,8.4
Z6,030811-01-DZ040,1030.9,StL 19_Polonia Red Beds,Zr-U-Pb,186.2,12.4
Z6,030811-DZ011,1030.9,StL 19_Polonia Red Beds,Zr-U-Pb,186.3,5
Z6,030811-01-DZ055,1030.9,StL 19_Polonia Red Beds,Zr-U-Pb,186.3,6.6
Z6,030811-01-DZ002,1030.9,StL 19_Polonia Red Beds,Zr-U-Pb,186.7,9
Z6,030811-DZ012,1030.9,StL 19_Polonia Red Beds,Zr-U-Pb,186.7,18.8
Z6,030811-01-DZ093,1030.9,StL 19_Polonia Red Beds,Zr-U-Pb,186.8,17
Z6,030811-DZ015,1030.9,StL 19_Polonia Red Beds,Zr-U-Pb,187.2,4
Z6,030811-01-DZ044,1030.9,StL 19_Polonia Red Beds,Zr-U-Pb,187.2,4.8
Z6,030811-01-DZ057,1030.9,StL 19_Polonia Red Beds,Zr-U-Pb,187.2,5.6
Z6,030811-01-DZ007,1030.9,StL 19_Polonia Red Beds,Zr-U-Pb,187.3,6.8
Z6,030811-DZ013,1030.9,StL 19_Polonia Red Beds,Zr-U-Pb,187.3,8.4
Z6,030811-01-DZ064,1030.9,StL 19_Polonia Red Beds,Zr-U-Pb,187.3,10
Z6,030811-01-DZ068,1030.9,StL 19_Polonia Red Beds,Zr-U-Pb,187.3,13.2
Z6,030811-01-DZ078,1030.9,StL 19_Polonia Red Beds,Zr-U-Pb,187.7,18.6
Z6,030811-01-DZ0026,1030.9,StL 19_Polonia Red Beds,Zr-U-Pb,187.8,7.2
Z6,030811-01-99,1030.9,StL 19_Polonia Red Beds,Zr-U-Pb,187.8,9.2
Z6,030811-01-DZ0028,1030.9,StL 19_Polonia Red Beds,Zr-U-Pb,188,18.2
Z6,030811-01-DZ042,1030.9,StL 19_Polonia Red Beds,Zr-U-Pb,188.1,8.2
Z6,030811-01-DZ063,1030.9,StL 19_Polonia Red Beds,Zr-U-Pb,188.1,9.2
Z6,030811-DZ024,1030.9,StL 19_Polonia Red Beds,Zr-U-Pb,188.2,8.4
Z6,030811-01-DZ0027,1030.9,StL 19_Polonia Red Beds,Zr-U-Pb,188.2,8.2
Z6,030811-01-DZ036,1030.9,StL 19_Polonia Red Beds,Zr-U-Pb,188.2,6.8
Z6,030811-01-DZ053,1030.9,StL 19_Polonia Red Beds,Zr-U-Pb,188.2,3.2
Z6,030811-01-DZ075,1030.9,StL 19_Polonia Red Beds,Zr-U-Pb,188.2,9
Z6,030811-01-DZ0029,1030.9,StL 19_Polonia Red Beds,Zr-U-Pb,188.3,7
Z6,030811-01-DZ034,1030.9,StL 19_Polonia Red Beds,Zr-U-Pb,188.3,6.8
Z6,030811-01-DZ089,1030.9,StL 19_Polonia Red Beds,Zr-U-Pb,188.3,5.4
Z6,030811-01-DZ091,1030.9,StL 19_Polonia Red Beds,Zr-U-Pb,188.4,13.6
Z6,030811-01-DZ056,1030.9,StL 19_Polonia Red Beds,Zr-U-Pb,188.5,3.6
Z6,030811-01-DZ090,1030.9,StL 19_Polonia Red Beds,Zr-U-Pb,188.5,6.2
Z6,030811-01-DZ065,1030.9,StL 19_Polonia Red Beds,Zr-U-Pb,188.8,10.4
Z6,030811-01-DZ009,1030.9,StL 19_Polonia Red Beds,Zr-U-Pb,189.1,6.8
Z6,030811-01-DZ081,1030.9,StL 19_Polonia Red Beds,Zr-U-Pb,189.2,3.6
Z6,030811-DZ020,1030.9,StL 19_Polonia Red Beds,Zr-U-Pb,189.3,4.2
Z6,030811-01-DZ103,1030.9,StL 19_Polonia Red Beds,Zr-U-Pb,189.3,12.4
Z6,030811-01-DZ087,1030.9,StL 19_Polonia Red Beds,Zr-U-Pb,189.4,5.6
Z6,030811-01-DZ006,1030.9,StL 19_Polonia Red Beds,Zr-U-Pb,189.5,13.8
Z6,030811-DZ022,1030.9,StL 19_Polonia Red Beds,Zr-U-Pb,189.5,16.8
Z6,030811-01-DZ100,1030.9,StL 19_Polonia Red Beds,Zr-U-Pb,189.5,14.6
Z6,030811-01-DZ080,1030.9,StL 19_Polonia Red Beds,Zr-U-Pb,189.7,6.8
Z6,030811-01-DZ104,1030.9,StL 19_Polonia Red Beds,Zr-U-Pb,189.8,12.2
Z6,030811-01-DZ092,1030.9,StL 19_Polonia Red Beds,Zr-U-Pb,190,5
Z6,030811-01-DZ076,1030.9,StL 19_Polonia Red Beds,Zr-U-Pb,190.3,6.8
Z6,030811-01-DZ102,1030.9,StL 19_Polonia Red Beds,Zr-U-Pb,190.7,18.4
Z6,030811-01-96,1030.9,StL 19_Polonia Red Beds,Zr-U-Pb,190.8,17.8
Z6,030811-01-DZ005,1030.9,StL 19_Polonia Red Beds,Zr-U-Pb,190.9,4.4
Z6,030811-01-DZ050,1030.9,StL 19_Polonia Red Beds,Zr-U-Pb,191.2,7.6
Z6,030811-01-DZ067,1030.9,StL 19_Polonia Red Beds,Zr-U-Pb,191.2,7.6
Z6,030811-01-DZ083,1030.9,StL 19_Polonia Red Beds,Zr-U-Pb,191.3,9
Z6,030811-01-DZ070,1030.9,StL 19_Polonia Red Beds,Zr-U-Pb,192.1,4.6
Z6,030811-01-DZ086,1030.9,StL 19_Polonia Red Beds,Zr-U-Pb,192.7,10
Z6,030811-01-DZ072,1030.9,StL 19_Polonia Red Beds,Zr-U-Pb,206,16.8
Z6,030811-01-DZ039,1030.9,StL 19_Polonia Red Beds,Zr-U-Pb,273.1,33.6
Z6,030811-01-DZ062,1030.9,StL 19_Polonia Red Beds,Zr-U-Pb,277.4,9
Z6,030811-01-DZ047,1030.9,StL 19_Polonia Red Beds,Zr-U-Pb,279.1,12.8
Z6,030811-01-DZ0030,1030.9,StL 19_Polonia Red Beds,Zr-U-Pb,282.9,17.4
Z6,030811-01-DZ074,1030.9,StL 19_Polonia Red Beds,Zr-U-Pb,947.1,348.8
Z6,030811-DZ021,1030.9,StL 19_Polonia Red Beds,Zr-U-Pb,970,141.2
Z6,030811-01-DZ069,1030.9,StL 19_Polonia Red Beds,Zr-U-Pb,987.1,93.2
Z6,030811-DZ018,1030.9,StL 19_Polonia Red Beds,Zr-U-Pb,1000.7,43.4
Z6,030811-01-DZ001,1030.9,StL 19_Polonia Red Beds,Zr-U-Pb,1001.1,67.6
Z6,030811-01-DZ071,1030.9,StL 19_Polonia Red Beds,Zr-U-Pb,1021.2,64.2
Z6,030811-01-DZ052,1030.9,StL 19_Polonia Red Beds,Zr-U-Pb,1103.1,46
Z6,030811-01-DZ077,1030.9,StL 19_Polonia Red Beds,Zr-U-Pb,1134.8,71
Z6,030811-01-DZ043,1030.9,StL 19_Polonia Red Beds,Zr-U-Pb,1167.1,18.2
Z6,030811-01-DZ073,1030.9,StL 19_Polonia Red Beds,Zr-U-Pb,1473.4,48.8
Z6,030811-01-DZ054,1030.9,StL 19_Polonia Red Beds,Zr-U-Pb,1488.2,82.6
Z6,030811-01-DZ079,1030.9,StL 19_Polonia Red Beds,Zr-U-Pb,1497.6,102.4
Z6,030811-01-DZ101,1030.9,StL 19_Polonia Red Beds,Zr-U-Pb,1507.3,40.2
Z6,030811-DZ014,1030.9,StL 19_Polonia Red Beds,Zr-U-Pb,1508.1,10.8
Z6,030811-01-DZ037,1030.9,StL 19_Polonia Red Beds,Zr-U-Pb,1622.2,118.6
Z6,030811-DZ016,1030.9,StL 19_Polonia Red Beds,Zr-U-Pb,1880.9,42.6
Z6,030811-01-DZ088,1030.9,StL 19_Polonia Red Beds,Zr-U-Pb,2055.3,6.6
TVV-01,TVV-001_1,932.0,StL_19_Polonia Red Beds,Zr-U-Pb,257.2,3.0
TVV-01,TVV-001_2,932.0,StL_19_Polonia Red Beds,Zr-U-Pb,1529.0,32.0
TVV-01,TVV-001_3,932.0,StL_19_Polonia Red Beds,Zr-U-Pb,189.7,2.3
TVV-01,TVV-001_4,932.0,StL_19_Polonia Red Beds,Zr-U-Pb,12.9,0.4
TVV-01,TVV-001_5,932.0,StL_19_Polonia Red Beds,Zr-U-Pb,1543.0,33.0
TVV-01,TVV-001_6,932.0,StL_19_Polonia Red Beds,Zr-U-Pb,189.2,2.0
TVV-01,TVV-001_7,932.0,StL_19_Polonia Red Beds,Zr-U-Pb,179.7,2.9
TVV-01,TVV-001_8,932.0,StL_19_Polonia Red Beds,Zr-U-Pb,189.8,3.4
TVV-01,TVV-001_9,932.0,StL_19_Polonia Red Beds,Zr-U-Pb,229.2,3.7
TVV-01,TVV-001_10,932.0,StL_19_Polonia Red Beds,Zr-U-Pb,191.3,2.3
TVV-01,TVV-001_11,932.0,StL_19_Polonia Red Beds,Zr-U-Pb,188.0,2.7
TVV-01,TVV-001_12,932.0,StL_19_Polonia Red Beds,Zr-U-Pb,1627.0,40.0
TVV-01,TVV-001_13,932.0,StL_19_Polonia Red Beds,Zr-U-Pb,1637.0,37.0
TVV-01,TVV-001_14,932.0,StL_19_Polonia Red Beds,Zr-U-Pb,166.7,2.4
TVV-01,TVV-001_15,932.0,StL_19_Polonia Red Beds,Zr-U-Pb,1133.3,14.5
TVV-01,TVV-001_16,932.0,StL_19_Polonia Red Beds,Zr-U-Pb,183.6,1.6
TVV-01,TVV-001_17,932.0,StL_19_Polonia Red Beds,Zr-U-Pb,235.4,2.3
TVV-01,TVV-001_18,932.0,StL_19_Polonia Red Beds,Zr-U-Pb,187.7,3.7
TVV-01,TVV-001_19,932.0,StL_19_Polonia Red Beds,Zr-U-Pb,1497.0,44.0
TVV-01,TVV-001_20,932.0,StL_19_Polonia Red Beds,Zr-U-Pb,1514.0,48.0
TVV-01,TVV-001_21,932.0,StL_19_Polonia Red Beds,Zr-U-Pb,180.7,2.0
TVV-01,TVV-001_22,932.0,StL_19_Polonia Red Beds,Zr-U-Pb,78.3,1.0
TVV-01,TVV-001_23,932.0,StL_19_Polonia Red Beds,Zr-U-Pb,1538.0,36.0
TVV-01,TVV-001_24,932.0,StL_19_Polonia Red Beds,Zr-U-Pb,161.1,1.8
TVV-01,TVV-001_25,932.0,StL_19_Polonia Red Beds,Zr-U-Pb,182.6,2.0
TVV-01,TVV-001_26,932.0,StL_19_Polonia Red Beds,Zr-U-Pb,284.9,3.8
TVV-01,TVV-001_27,932.0,StL_19_Polonia Red Beds,Zr-U-Pb,265.4,3.1
TVV-01,TVV-001_28,932.0,StL_19_Polonia Red Beds,Zr-U-Pb,179.0,2.6
TVV-01,TVV-001_29,932.0,StL_19_Polonia Red Beds,Zr-U-Pb,1429.0,45.0
TVV-01,TVV-001_30,932.0,StL_19_Polonia Red Beds,Zr-U-Pb,81.7,1.0
TVV-01,TVV-001_31,932.0,StL_19_Polonia Red Beds,Zr-U-Pb,161.0,2.2
TVV-01,TVV-001_32,932.0,StL_19_Polonia Red Beds,Zr-U-Pb,186.7,2.7
TVV-01,TVV-001_33,932.0,StL_19_Polonia Red Beds,Zr-U-Pb,181.9,3.7
TVV-01,TVV-001_34,932.0,StL_19_Polonia Red Beds,Zr-U-Pb,959.4,10.5
TVV-01,TVV-001_35,932.0,StL_19_Polonia Red Beds,Zr-U-Pb,181.8,2.2
TVV-01,TVV-001_36,932.0,StL_19_Polonia Red Beds,Zr-U-Pb,181.9,2.6
TVV-01,TVV-001_37,932.0,StL_19_Polonia Red Beds,Zr-U-Pb,939.3,12.9
TVV-01,TVV-001_38,932.0,StL_19_Polonia Red Beds,Zr-U-Pb,16.3,0.4
TVV-01,TVV-001_39,932.0,StL_19_Polonia Red Beds,Zr-U-Pb,186.8,2.8
TVV-01,TVV-001_40,932.0,StL_19_Polonia Red Beds,Zr-U-Pb,176.6,3.7
TVV-01,TVV-001_41,932.0,StL_19_Polonia Red Beds,Zr-U-Pb,1492.0,41.0
TVV-01,TVV-001_42,932.0,StL_19_Polonia Red Beds,Zr-U-Pb,186.2,3.5
TVV-01,TVV-001_43,932.0,StL_19_Polonia Red Beds,Zr-U-Pb,182.6,2.0
TVV-01,TVV-001_44,932.0,StL_19_Polonia Red Beds,Zr-U-Pb,1466.0,27.0
TVV-01,TVV-001_45,932.0,StL_19_Polonia Red Beds,Zr-U-Pb,980.2,10.0
TVV-01,TVV-001_46,932.0,StL_19_Polonia Red Beds,Zr-U-Pb,1586.0,40.0
TVV-01,TVV-001_47,932.0,StL_19_Polonia Red Beds,Zr-U-Pb,1542.0,45.0
TVV-01,TVV-001_48,932.0,StL_19_Polonia Red Beds,Zr-U-Pb,186.5,3.0
TVV-01,TVV-001_49,932.0,StL_19_Polonia Red Beds,Zr-U-Pb,197.5,2.2
TVV-01,TVV-001_50,932.0,StL_19_Polonia Red Beds,Zr-U-Pb,183.7,2.1
TVV-01,TVV-001_51,932.0,StL_19_Polonia Red Beds,Zr-U-Pb,175.4,2.9
TVV-01,TVV-001_52,932.0,StL_19_Polonia Red Beds,Zr-U-Pb,1143.4,8.7
TVV-01,TVV-001_53,932.0,StL_19_Polonia Red Beds,Zr-U-Pb,1595.0,40.0
TVV-01,TVV-001_54,932.0,StL_19_Polonia Red Beds,Zr-U-Pb,79.8,0.9
TVV-01,TVV-001_55,932.0,StL_19_Polonia Red Beds,Zr-U-Pb,190.8,3.2
TVV-01,TVV-001_56,932.0,StL_19_Polonia Red Beds,Zr-U-Pb,181.0,2.7
TVV-01,TVV-001_57,932.0,StL_19_Polonia Red Beds,Zr-U-Pb,167.6,2.2
TVV-01,TVV-001_58,932.0,StL_19_Polonia Red Beds,Zr-U-Pb,2525.0,61.0
TVV-01,TVV-001_59,932.0,StL_19_Polonia Red Beds,Zr-U-Pb,182.0,2.2
TVV-01,TVV-001_60,932.0,StL_19_Polonia Red Beds,Zr-U-Pb,44.8,0.6
TVV-01,TVV-001_61,932.0,StL_19_Polonia Red Beds,Zr-U-Pb,174.3,3.1
TVV-01,TVV-001_62,932.0,StL_19_Polonia Red Beds,Zr-U-Pb,272.3,2.7
TVV-01,TVV-001_63,932.0,StL_19_Polonia Red Beds,Zr-U-Pb,170.2,4.4
TVV-01,TVV-001_64,932.0,StL_19_Polonia Red Beds,Zr-U-Pb,189.3,2.4
TVV-01,TVV-001_65,932.0,StL_19_Polonia Red Beds,Zr-U-Pb,81.4,0.9
TVV-01,TVV-001_66,932.0,StL_19_Polonia Red Beds,Zr-U-Pb,1783.0,33.0
TVV-01,TVV-001_67,932.0,StL_19_Polonia Red Beds,Zr-U-Pb,1469.0,22.0
TVV-01,TVV-001_68,932.0,StL_19_Polonia Red Beds,Zr-U-Pb,278.5,4.1
TVV-01,TVV-001_69,932.0,StL_19_Polonia Red Beds,Zr-U-Pb,185.5,2.2
TVV-01,TVV-001_70,932.0,StL_19_Polonia Red Beds,Zr-U-Pb,182.2,1.8
TVV-01,TVV-001_71,932.0,StL_19_Polonia Red Beds,Zr-U-Pb,857.5,36.7
TVV-01,TVV-001_72,932.0,StL_19_Polonia Red Beds,Zr-U-Pb,1518.0,24.0
TVV-01,TVV-001_74,932.0,StL_19_Polonia Red Beds,Zr-U-Pb,275.1,6.2
TVV-01,TVV-001_75,932.0,StL_19_Polonia Red Beds,Zr-U-Pb,69.9,0.8
TVV-01,TVV-001_76,932.0,StL_19_Polonia Red Beds,Zr-U-Pb,1504.0,20.0
TVV-01,TVV-001_77,932.0,StL_19_Polonia Red Beds,Zr-U-Pb,177.1,2.7
TVV-01,TVV-001_78,932.0,StL_19_Polonia Red Beds,Zr-U-Pb,914.6,15.8
TVV-01,TVV-001_79,932.0,StL_19_Polonia Red Beds,Zr-U-Pb,184.8,3.6
TVV-01,TVV-001_80,932.0,StL_19_Polonia Red Beds,Zr-U-Pb,188.5,2.1
TVV-01,TVV-001_81,932.0,StL_19_Polonia Red Beds,Zr-U-Pb,1175.5,13.3
TVV-01,TVV-001_82,932.0,StL_19_Polonia Red Beds,Zr-U-Pb,173.3,2.8
TVV-01,TVV-001_83,932.0,StL_19_Polonia Red Beds,Zr-U-Pb,164.1,1.7
TVV-01,TVV-001_84,932.0,StL_19_Polonia Red Beds,Zr-U-Pb,823.8,11.8
TVV-01,TVV-001_85,932.0,StL_19_Polonia Red Beds,Zr-U-Pb,69.9,1.0
TVV-01,TVV-001_86,932.0,StL_19_Polonia Red Beds,Zr-U-Pb,179.6,2.6
TVV-01,TVV-001_87,932.0,StL_19_Polonia Red Beds,Zr-U-Pb,182.9,1.7
TVV-01,TVV-001_88,932.0,StL_19_Polonia Red Beds,Zr-U-Pb,177.4,2.4
TVV-01,TVV-001_89,932.0,StL_19_Polonia Red Beds,Zr-U-Pb,186.6,2.8
TVV-01,TVV-001_90,932.0,StL_19_Polonia Red Beds,Zr-U-Pb,1099.7,15.1
TVV-01,TVV-001_91,932.0,StL_19_Polonia Red Beds,Zr-U-Pb,174.1,3.2
TVV-01,TVV-001_92,932.0,StL_19_Polonia Red Beds,Zr-U-Pb,1765.0,38.0
TVV-01,TVV-001_93,932.0,StL_19_Polonia Red Beds,Zr-U-Pb,177.6,2.4
TVV-01,TVV-001_94,932.0,StL_19_Polonia Red Beds,Zr-U-Pb,775.8,17.6
TVV-01,TVV-001_95,932.0,StL_19_Polonia Red Beds,Zr-U-Pb,2192.0,23.0
TVV-01,TVV-001_96,932.0,StL_19_Polonia Red Beds,Zr-U-Pb,182.6,2.8
TVV-01,TVV-001_97,932.0,StL_19_Polonia Red Beds,Zr-U-Pb,187.3,2.4
TVV-01,TVV-001_99,932.0,StL_19_Polonia Red Beds,Zr-U-Pb,1610.0,37.0
TVV-01,TVV-001_100,932.0,StL_19_Polonia Red Beds,Zr-U-Pb,176.2,3.1
TVV-01,TVV-001_101,932.0,StL_19_Polonia Red Beds,Zr-U-Pb,184.5,2.6
TVV-01,TVV-001_102,932.0,StL_19_Polonia Red Beds,Zr-U-Pb,818.4,12.1
TVV-01,TVV-001_103,932.0,StL_19_Polonia Red Beds,Zr-U-Pb,610.3,21.1
TVV-01,TVV-001_104,932.0,StL_19_Polonia Red Beds,Zr-U-Pb,162.7,2.5
TVV-01,TVV-001_105,932.0,StL_19_Polonia Red Beds,Zr-U-Pb,985.0,12.8
TVV-01,TVV-001_106,932.0,StL_19_Polonia Red Beds,Zr-U-Pb,672.1,19.9
TVV-01,TVV-001_107,932.0,StL_19_Polonia Red Beds,Zr-U-Pb,184.3,2.1
TVV-04,TVV-04_1,474.0,StL_7_Bed set below Cerbatana Conglomerate,Zr-U-Pb,13.6,0.3
TVV-04,TVV-04_2,474.0,StL_7_Bed set below Cerbatana Conglomerate,Zr-U-Pb,963.9,8.4
TVV-04,TVV-04_3,474.0,StL_7_Bed set below Cerbatana Conglomerate,Zr-U-Pb,232.2,2.2
TVV-04,TVV-04_5,474.0,StL_7_Bed set below Cerbatana Conglomerate,Zr-U-Pb,79.4,1.2
TVV-04,TVV-04_6,474.0,StL_7_Bed set below Cerbatana Conglomerate,Zr-U-Pb,13.6,0.3
TVV-04,TVV-04_7,474.0,StL_7_Bed set below Cerbatana Conglomerate,Zr-U-Pb,88.9,1.4
TVV-04,TVV-04_8,474.0,StL_7_Bed set below Cerbatana Conglomerate,Zr-U-Pb,12.8,0.2
TVV-04,TVV-04_9,474.0,StL_7_Bed set below Cerbatana Conglomerate,Zr-U-Pb,33.7,0.5
TVV-04,TVV-04_10,474.0,StL_7_Bed set below Cerbatana Conglomerate,Zr-U-Pb,468.9,14.5
TVV-04,TVV-04_11,474.0,StL_7_Bed set below Cerbatana Conglomerate,Zr-U-Pb,78.6,1.1
TVV-04,TVV-04_12,474.0,StL_7_Bed set below Cerbatana Conglomerate,Zr-U-Pb,1128.1,12.3
TVV-04,TVV-04_13,474.0,StL_7_Bed set below Cerbatana Conglomerate,Zr-U-Pb,2663.0,48.0
TVV-04,TVV-04_14,474.0,StL_7_Bed set below Cerbatana Conglomerate,Zr-U-Pb,1596.0,56.0
TVV-04,TVV-04_15,474.0,StL_7_Bed set below Cerbatana Conglomerate,Zr-U-Pb,190.4,1.9
TVV-04,TVV-04_16,474.0,StL_7_Bed set below Cerbatana Conglomerate,Zr-U-Pb,13.2,0.3
TVV-04,TVV-04_17,474.0,StL_7_Bed set below Cerbatana Conglomerate,Zr-U-Pb,1844.0,38.0
TVV-04,TVV-04_18,474.0,StL_7_Bed set below Cerbatana Conglomerate,Zr-U-Pb,14.7,0.4
TVV-04,TVV-04_19,474.0,StL_7_Bed set below Cerbatana Conglomerate,Zr-U-Pb,2086.0,51.0
TVV-04,TVV-04_20,474.0,StL_7_Bed set below Cerbatana Conglomerate,Zr-U-Pb,162.1,1.4
TVV-04,TVV-04_21,474.0,StL_7_Bed set below Cerbatana Conglomerate,Zr-U-Pb,35.6,0.5
TVV-04,TVV-04_22,474.0,StL_7_Bed set below Cerbatana Conglomerate,Zr-U-Pb,17.4,0.4
TVV-04,TVV-04_23,474.0,StL_7_Bed set below Cerbatana Conglomerate,Zr-U-Pb,220.7,2.0
TVV-04,TVV-04_24,474.0,StL_7_Bed set below Cerbatana Conglomerate,Zr-U-Pb,541.4,9.6
TVV-04,TVV-04_25,474.0,StL_7_Bed set below Cerbatana Conglomerate,Zr-U-Pb,13.3,0.3
TVV-04,TVV-04_26,474.0,StL_7_Bed set below Cerbatana Conglomerate,Zr-U-Pb,1122.5,16.3
TVV-04,TVV-04_27,474.0,StL_7_Bed set below Cerbatana Conglomerate,Zr-U-Pb,1062.3,13.8
TVV-04,TVV-04_28,474.0,StL_7_Bed set below Cerbatana Conglomerate,Zr-U-Pb,82.5,1.0
TVV-04,TVV-04_30,474.0,StL_7_Bed set below Cerbatana Conglomerate,Zr-U-Pb,14.7,0.2
TVV-04,TVV-04_31,474.0,StL_7_Bed set below Cerbatana Conglomerate,Zr-U-Pb,20.1,0.3
TVV-04,TVV-04_32,474.0,StL_7_Bed set below Cerbatana Conglomerate,Zr-U-Pb,25.4,0.5
TVV-04,TVV-04_33,474.0,StL_7_Bed set below Cerbatana Conglomerate,Zr-U-Pb,12.9,0.2
TVV-04,TVV-04_34,474.0,StL_7_Bed set below Cerbatana Conglomerate,Zr-U-Pb,48.7,1.7
TVV-04,TVV-04_35,474.0,StL_7_Bed set below Cerbatana Conglomerate,Zr-U-Pb,2011.0,42.0
TVV-04,TVV-04_36,474.0,StL_7_Bed set below Cerbatana Conglomerate,Zr-U-Pb,227.7,2.6
TVV-04,TVV-04_37,474.0,StL_7_Bed set below Cerbatana Conglomerate,Zr-U-Pb,78.4,0.9
TVV-04,TVV-04_38,474.0,StL_7_Bed set below Cerbatana Conglomerate,Zr-U-Pb,13.9,0.5
TVV-04,TVV-04_39,474.0,StL_7_Bed set below Cerbatana Conglomerate,Zr-U-Pb,24.2,0.6
TVV-04,TVV-04_40,474.0,StL_7_Bed set below Cerbatana Conglomerate,Zr-U-Pb,83.4,1.1
TVV-04,TVV-04_41,474.0,StL_7_Bed set below Cerbatana Conglomerate,Zr-U-Pb,283.6,2.7
TVV-04,TVV-04_42,474.0,StL_7_Bed set below Cerbatana Conglomerate,Zr-U-Pb,810.9,20.5
TVV-04,TVV-04_43,474.0,StL_7_Bed set below Cerbatana Conglomerate,Zr-U-Pb,75.4,1.1
TVV-04,TVV-04_44,474.0,StL_7_Bed set below Cerbatana Conglomerate,Zr-U-Pb,132.4,1.7
TVV-04,TVV-04_45,474.0,StL_7_Bed set below Cerbatana Conglomerate,Zr-U-Pb,187.0,2.3
TVV-04,TVV-04_46,474.0,StL_7_Bed set below Cerbatana Conglomerate,Zr-U-Pb,1975.0,48.0
TVV-04,TVV-04_47,474.0,StL_7_Bed set below Cerbatana Conglomerate,Zr-U-Pb,16.4,0.6
TVV-04,TVV-04_48,474.0,StL_7_Bed set below Cerbatana Conglomerate,Zr-U-Pb,33.4,0.5
TVV-04,TVV-04_49,474.0,StL_7_Bed set below Cerbatana Conglomerate,Zr-U-Pb,444.5,7.4
TVV-04,TVV-04_50,474.0,StL_7_Bed set below Cerbatana Conglomerate,Zr-U-Pb,1433.0,34.0
TVV-04,TVV-04_51,474.0,StL_7_Bed set below Cerbatana Conglomerate,Zr-U-Pb,1085.0,17.3
TVV-04,TVV-04_53,474.0,StL_7_Bed set below Cerbatana Conglomerate,Zr-U-Pb,14.8,0.5
TVV-04,TVV-04_54,474.0,StL_7_Bed set below Cerbatana Conglomerate,Zr-U-Pb,194.3,2.3
TVV-04,TVV-04_55,474.0,StL_7_Bed set below Cerbatana Conglomerate,Zr-U-Pb,1316.7,13.2
TVV-04,TVV-04_56,474.0,StL_7_Bed set below Cerbatana Conglomerate,Zr-U-Pb,40.9,0.6
TVV-04,TVV-04_57,474.0,StL_7_Bed set below Cerbatana Conglomerate,Zr-U-Pb,257.1,8.1
TVV-04,TVV-04_58,474.0,StL_7_Bed set below Cerbatana Conglomerate,Zr-U-Pb,13.8,0.3
TVV-04,TVV-04_59,474.0,StL_7_Bed set below Cerbatana Conglomerate,Zr-U-Pb,12.9,0.2
TVV-04,TVV-04_60,474.0,StL_7_Bed set below Cerbatana Conglomerate,Zr-U-Pb,81.4,1.2
TVV-04,TVV-04_61,474.0,StL_7_Bed set below Cerbatana Conglomerate,Zr-U-Pb,235.3,3.8
TVV-04,TVV-04_62,474.0,StL_7_Bed set below Cerbatana Conglomerate,Zr-U-Pb,805.0,35.1
TVV-04,TVV-04_63,474.0,StL_7_Bed set below Cerbatana Conglomerate,Zr-U-Pb,1509.0,53.0
TVV-04,TVV-04_64,474.0,StL_7_Bed set below Cerbatana Conglomerate,Zr-U-Pb,13.7,0.3
TVV-04,TVV-04_65,474.0,StL_7_Bed set below Cerbatana Conglomerate,Zr-U-Pb,41.4,0.7
TVV-04,TVV-04_66,474.0,StL_7_Bed set below Cerbatana Conglomerate,Zr-U-Pb,22.3,0.4
TVV-04,TVV-04_67,474.0,StL_7_Bed set below Cerbatana Conglomerate,Zr-U-Pb,963.7,10.1
TVV-04,TVV-04_68,474.0,StL_7_Bed set below Cerbatana Conglomerate,Zr-U-Pb,33.2,0.8
TVV-04,TVV-04_69,474.0,StL_7_Bed set below Cerbatana Conglomerate,Zr-U-Pb,13.3,0.2
TVV-04,TVV-04_70,474.0,StL_7_Bed set below Cerbatana Conglomerate,Zr-U-Pb,76.2,1.0
TVV-04,TVV-04_71,474.0,StL_7_Bed set below Cerbatana Conglomerate,Zr-U-Pb,671.4,12.0
TVV-04,TVV-04_72,474.0,StL_7_Bed set below Cerbatana Conglomerate,Zr-U-Pb,47.7,1.3
TVV-04,TVV-04_73,474.0,StL_7_Bed set below Cerbatana Conglomerate,Zr-U-Pb,19.6,0.3
TVV-04,TVV-04_74,474.0,StL_7_Bed set below Cerbatana Conglomerate,Zr-U-Pb,274.0,4.2
TVV-04,TVV-04_75,474.0,StL_7_Bed set below Cerbatana Conglomerate,Zr-U-Pb,13.0,0.2
TVV-04,TVV-04_76,474.0,StL_7_Bed set below Cerbatana Conglomerate,Zr-U-Pb,463.2,5.5
TVV-04,TVV-04_77,474.0,StL_7_Bed set below Cerbatana Conglomerate,Zr-U-Pb,40.6,0.6
TVV-04,TVV-04_78,474.0,StL_7_Bed set below Cerbatana Conglomerate,Zr-U-Pb,16.4,0.5
TVV-04,TVV-04_79,474.0,StL_7_Bed set below Cerbatana Conglomerate,Zr-U-Pb,904.9,10.6
TVV-04,TVV-04_80,474.0,StL_7_Bed set below Cerbatana Conglomerate,Zr-U-Pb,13.8,0.2
TVV-04,TVV-04_82,474.0,StL_7_Bed set below Cerbatana Conglomerate,Zr-U-Pb,496.0,5.8
TVV-04,TVV-04_83,474.0,StL_7_Bed set below Cerbatana Conglomerate,Zr-U-Pb,27.7,1.0
TVV-04,TVV-04_84,474.0,StL_7_Bed set below Cerbatana Conglomerate,Zr-U-Pb,36.1,0.6
TVV-04,TVV-04_85,474.0,StL_7_Bed set below Cerbatana Conglomerate,Zr-U-Pb,1411.0,63.0
TVV-04,TVV-04_86,474.0,StL_7_Bed set below Cerbatana Conglomerate,Zr-U-Pb,234.6,2.9
TVV-04,TVV-04_87,474.0,StL_7_Bed set below Cerbatana Conglomerate,Zr-U-Pb,887.6,12.9
TVV-04,TVV-04_88,474.0,StL_7_Bed set below Cerbatana Conglomerate,Zr-U-Pb,974.4,10.6
TVV-04,TVV-04_89,474.0,StL_7_Bed set below Cerbatana Conglomerate,Zr-U-Pb,40.2,1.1
TVV-04,TVV-04_90,474.0,StL_7_Bed set below Cerbatana Conglomerate,Zr-U-Pb,225.1,2.5
TVV-04,TVV-04_91,474.0,StL_7_Bed set below Cerbatana Conglomerate,Zr-U-Pb,1025.3,12.0
TVV-04,TVV-04_92,474.0,StL_7_Bed set below Cerbatana Conglomerate,Zr-U-Pb,959.8,9.0
TVV-04,TVV-04_93,474.0,StL_7_Bed set below Cerbatana Conglomerate,Zr-U-Pb,215.1,2.0
TVV-04,TVV-04_94,474.0,StL_7_Bed set below Cerbatana Conglomerate,Zr-U-Pb,14.1,0.3
TVV-04,TVV-04_95,474.0,StL_7_Bed set below Cerbatana Conglomerate,Zr-U-Pb,12.9,0.4
TVV-04,TVV-04_96,474.0,StL_7_Bed set below Cerbatana Conglomerate,Zr-U-Pb,167.2,2.1
TVV-04,TVV-04_97,474.0,StL_7_Bed set below Cerbatana Conglomerate,Zr-U-Pb,18.2,0.2
TVV-04,TVV-04_98,474.0,StL_7_Bed set below Cerbatana Conglomerate,Zr-U-Pb,16.6,0.3
TVV-04,TVV-04_99,474.0,StL_7_Bed set below Cerbatana Conglomerate,Zr-U-Pb,848.5,13.5
TVV-04,TVV-04_100,474.0,StL_7_Bed set below Cerbatana Conglomerate,Zr-U-Pb,13.1,0.1
TVV-04,TVV-04_101,474.0,StL_7_Bed set below Cerbatana Conglomerate,Zr-U-Pb,70.4,1.1
TVV-04,TVV-04_102,474.0,StL_7_Bed set below Cerbatana Conglomerate,Zr-U-Pb,296.5,6.2
TVV-04,TVV-04_104,474.0,StL_7_Bed set below Cerbatana Conglomerate,Zr-U-Pb,40.1,0.7
TVV-04,TVV-04_105,474.0,StL_7_Bed set below Cerbatana Conglomerate,Zr-U-Pb,228.6,2.6
TVV-04,TVV-04_106,474.0,StL_7_Bed set below Cerbatana Conglomerate,Zr-U-Pb,183.0,1.8
TVV-04,TVV-04_108,474.0,StL_7_Bed set below Cerbatana Conglomerate,Zr-U-Pb,1424.0,47.0
TVV-04,TVV-04_109,474.0,StL_7_Bed set below Cerbatana Conglomerate,Zr-U-Pb,66.9,0.9
TVV-04,TVV-04_110,474.0,StL_7_Bed set below Cerbatana Conglomerate,Zr-U-Pb,81.7,2.0
LV8,LV8-1,557.4,StL 9_Monkey Beds,ZFT,12.67,9.6
LV8,LV8-2,557.4,StL 9_Monkey Beds,ZFT,41.88,16.6
LV8,LV8-3,557.4,StL 9_Monkey Beds,ZFT,10.36,6.2
LV8,LV8-4,557.4,StL 9_Monkey Beds,ZFT,23.64,12.0
LV8,LV8-5,557.4,StL 9_Monkey Beds,ZFT,8.55,6.5
LV8,LV8-6,557.4,StL 9_Monkey Beds,ZFT,8.82,6.7
LV8,LV8-7,557.4,StL 9_Monkey Beds,ZFT,32,20.6
LV8,LV8-8,557.4,StL 9_Monkey Beds,ZFT,35.07,18.9
LV8,LV8-9,557.4,StL 9_Monkey Beds,ZFT,28.54,11.9
LV8,LV8-10,557.4,StL 9_Monkey Beds,ZFT,13.43,7.5
LV8,LV8-11,557.4,StL 9_Monkey Beds,ZFT,14.18,13.0
LV8,LV8-12,557.4,StL 9_Monkey Beds,ZFT,15.2,7.8
LV8,LV8-13,557.4,StL 9_Monkey Beds,ZFT,17.29,7.6
LV8,LV8-14,557.4,StL 9_Monkey Beds,ZFT,25.33,9.8
LV8,LV8-15,557.4,StL 9_Monkey Beds,ZFT,12.16,14.4
LV8,LV8-16,557.4,StL 9_Monkey Beds,ZFT,10.13,8.3
LV8,LV8-17,557.4,StL 9_Monkey Beds,ZFT,10.43,5.1
LV8,LV8-18,557.4,StL 9_Monkey Beds,ZFT,12.67,9.6
LV8,LV8-19,557.4,StL 9_Monkey Beds,ZFT,12.16,8.3
LV8,LV8-20,557.4,StL 9_Monkey Beds,ZFT,13.68,11.0
LV8,LV8-21,557.4,StL 9_Monkey Beds,ZFT,30.95,11.9
LV8,LV8-22,557.4,StL 9_Monkey Beds,ZFT,17.18,12.0
LV8,LV8-23,557.4,StL 9_Monkey Beds,ZFT,13.68,11.0
LV8,LV8-24,557.4,StL 9_Monkey Beds,ZFT,8.98,5.7
LV8,LV8-25,557.4,StL 9_Monkey Beds,ZFT,16.37,10.9
LV8,LV8-26,557.4,StL 9_Monkey Beds,ZFT,13.03,12.7
LV8,LV8-27,557.4,StL 9_Monkey Beds,ZFT,23.88,13.7
LV8,LV8-28,557.4,StL 9_Monkey Beds,ZFT,19,21.7
LV8,LV8-29,557.4,StL 9_Monkey Beds,ZFT,15.72,10.1
LV8,LV8-30,557.4,StL 9_Monkey Beds,ZFT,14.76,8.8
LV8,LV8-31,557.4,StL 9_Monkey Beds,ZFT,8.29,6.3
LV8,LV8-32,557.4,StL 9_Monkey Beds,ZFT,11.53,5.8
LV8,LV8-33,557.4,StL 9_Monkey Beds,ZFT,15.72,5.9
LV8,LV8-34,557.4,StL 9_Monkey Beds,ZFT,10.13,6.1
LV8,LV8-35,557.4,StL 9_Monkey Beds,ZFT,9.01,7.3
LV8,LV8-36,557.4,StL 9_Monkey Beds,ZFT,10.94,8.5
KS4,KS4-1,580.0,StL 10_Bed set above Monkey Beds,ZFT,15.23,9.7
KS4,KS4-2,580.0,StL 10_Bed set above Monkey Beds,ZFT,8.12,9.2
KS4,KS4-3,580.0,StL 10_Bed set above Monkey Beds,ZFT,13.88,6.1
KS4,KS4-4,580.0,StL 10_Bed set above Monkey Beds,ZFT,13.92,6.0
KS4,KS4-5,580.0,StL 10_Bed set above Monkey Beds,ZFT,10.66,9.4
KS4,KS4-6,580.0,StL 10_Bed set above Monkey Beds,ZFT,85.02,40.8
KS4,KS4-7,580.0,StL 10_Bed set above Monkey Beds,ZFT,19.03,10.9
KS4,KS4-8,580.0,StL 10_Bed set above Monkey Beds,ZFT,12.82,7.7
KS4,KS4-9,580.0,StL 10_Bed set above Monkey Beds,ZFT,15.4,5.7
KS4,KS4-10,580.0,StL 10_Bed set above Monkey Beds,ZFT,180.2,113.1
KS4,KS4-11,580.0,StL 10_Bed set above Monkey Beds,ZFT,30.46,17.7
KS4,KS4-12,580.0,StL 10_Bed set above Monkey Beds,ZFT,4.74,3.9
KS4,KS4-13,580.0,StL 10_Bed set above Monkey Beds,ZFT,15.23,7.8
KS4,KS4-14,580.0,StL 10_Bed set above Monkey Beds,ZFT,14.87,8.0
KS4,KS4-15,580.0,StL 10_Bed set above Monkey Beds,ZFT,121.82,66.6
KS4,KS4-16,580.0,StL 10_Bed set above Monkey Beds,ZFT,49.61,16.3
KS4,KS4-17,580.0,StL 10_Bed set above Monkey Beds,ZFT,14.38,8.5
KS4,KS4-18,580.0,StL 10_Bed set above Monkey Beds,ZFT,16.24,14.3
KS4,KS4-19,580.0,StL 10_Bed set above Monkey Beds,ZFT,22.39,11.9
KS4,KS4-20,580.0,StL 10_Bed set above Monkey Beds,ZFT,7.9,6.7
LV13,LV13-1,612.0,StL 13_Ferruginous Beds,ZFT,17.48,7.9
LV13,LV13-2,612.0,StL 13_Ferruginous Beds,ZFT,16.23,8.5
LV13,LV13-3,612.0,StL 13_Ferruginous Beds,ZFT,22.06,14.6
LV13,LV13-4,612.0,StL 13_Ferruginous Beds,ZFT,13.53,5.7
LV13,LV13-5,612.0,StL 13_Ferruginous Beds,ZFT,16.71,6.8
LV13,LV13-6,612.0,StL 13_Ferruginous Beds,ZFT,13,6.8
LV13,LV13-7,612.0,StL 13_Ferruginous Beds,ZFT,16.04,5.5
LV13,LV13-8,612.0,StL 13_Ferruginous Beds,ZFT,14.71,9.0
LV13,LV13-9,612.0,StL 13_Ferruginous Beds,ZFT,10.11,6.3
LV13,LV13-10,612.0,StL 13_Ferruginous Beds,ZFT,20.86,16.4
LV13,LV13-11,612.0,StL 13_Ferruginous Beds,ZFT,22.94,11.0
LV13,LV13-12,612.0,StL 13_Ferruginous Beds,ZFT,13.48,9.4
LV13,LV13-13,612.0,StL 13_Ferruginous Beds,ZFT,79.77,36.5
LV13,LV13-14,612.0,StL 13_Ferruginous Beds,ZFT,96.52,47.6
LV13,LV13-15,612.0,StL 13_Ferruginous Beds,ZFT,14.13,5.9
LV13,LV13-16,612.0,StL 13_Ferruginous Beds,ZFT,17.81,8.7
LV13,LV13-17,612.0,StL 13_Ferruginous Beds,ZFT,10.71,10.2
2,002-1,741.2,StL 17_El Cardn Red Beds,ZFT,14.1,1.8
2,002-2,741.2,StL 17_El Cardn Red Beds,ZFT,12.9,2
3,003-1,725.2,StL 17_El Cardn Red Beds,ZFT,12.5,1.2
3,003-2,725.2,StL 17_El Cardn Red Beds,ZFT,12.9,1.8
4,004-1,744.9,StL 17_El Cardn Red Beds,ZFT,14.9,1.2
4,004-2,744.9,StL 17_El Cardn Red Beds,ZFT,13,1.6
JG-R89-2,JG-R89-2,530.0,StL 8_Cerbatana Conglomerate Beds,Ar-Ar,12.5,0.2
JG-R90-1,JG-R90-1,329.0,StL 5_Bed set between Chunchullo and Tatacoa,Ar-Ar,13.3,0.8
JG-R90-3,JG-R90-3,242.0,StL 3_Bed set between Cerro Gordo and Chunchullo,Ar-Ar,13.78,0.16
JG-R89-1,JG-R89-1,205.0,StL 3_Bed set between Cerro Gordo and Chunchullo,Ar-Ar,13.7,0.2
JG-R89-3,JG-R89-3,249.0,StL 4_Chunhullo Sandstone Beds,Ar-Ar,13.77,0.1
JG-R88-2,JG-R88-2,765.0,StL 18_San Francisco Sandstone Beds,Ar-Ar,12.2,0.214
JG-R88-4,JG-R88-4,1127.0,Neiva Fm,Ar-Ar,10.13,0.368
root,root,0,root,fixed_age,16,0
unconformity,unconformity,1126,unconformity,fixed_age,10.5,0